아이디,리뷰어 등급,작성 날짜,옵션1,옵션2,상품 사이즈,퀄리티,색감,키,몸무게,사이즈,리뷰내용
파찌쓰,,24.02.05,그레이,FREE,정사이즈예요,아주 만족해요,화면과 비슷해요,175cm,57kg,상의 55,"175/57
배송오자마자 바로 뜯어서 입었는데 세상에나…
팔 길이, 옷 기장, 도톰한 기모, 예쁜 브이넥.. 모든 퀄이 미쳤어요.. 제발 사세요.. 스포티한 느낌이 나서 어떤 옷이든 다 매치해서 입을 수 있고 재질 또한 탄탄해서 정말 구김없이 입을 수 있습니다! 팔길고 크롭 싫으신 분들 꼭 꼭 입어주세요!!"
가여닝,상위 1%,25.01.01,백메란지,FREE,정사이즈예요,아주 만족해요,화면과 비슷해요,173cm,64kg,상의 66,"남편이 보자마자 이쁘다고 얼른 입어 보라고 해서 
입고 사진 찍어봤어요ㅋㅋ

생각보다 훨씬 도톰해서 겨울내내 따뜻하게 입겠어요.
시보리도 짱짱해서 늘어짐 없이 핏이 유지되구요

색상은 얼굴 화사해 보이는 백메란지 입니닷
다른 컬러도 추가 구매 하고싶네용

저는 통통이지만 꽤 만족스러워요ㅋㅋ 
하지만 날씬이 분들이 입으시면 훨씬 힙하고 예쁠듯!"
시니에오,상위 5%,24.12.24,오트밀,FREE,정사이즈예요,아주 만족해요,화면과 비슷해요,160cm,54kg,상의 55,"고민고민 하다가 구매했는데
대체 고민을 왜했는지 
과거의 저에게 묻고싶네요
입어보자마자 사이즈도 딱 좋고
기모여서 따뜻하고 부드럽고
색감마저 이뿝니다 🤍🤍
단점이 있다면 팔이 쬠 길다는 것...?
그건 뭐 접거나 걷어 입으면 되서 사실 문제없어요
올 겨울 출근템으로 잘 입어보겠숩니다 🫡🫡"
wD7TWcUi,상위 5%,24.12.08,오트밀,FREE,생각보다 커요,아주 만족해요,화면과 비슷해요,,,,"+
으아아 자수에 양기모에 스포티 디자인이라니 취향 대모음집
가오리 핏이예요.
프리팅이아니라 찐 자수입니다ㅠㅜ 넘 좋구 팔부분은 다른소재를 덧댄거구 프런트에 있는 숫자 로고 전부 자수입니다.
기모는 양기모인데 두께가 두껍지는 않아서 은근 아우터랑 합도 좋아요.
부드럽고 포근한 소재예요. 
-
조금 전체적으로 큰 느낌이 없잖아있긴해요
힘 있는 시보리는 아니예요.
첨에 먼지날림 좀 있어요."
xKnNgvfS,상위 10%,24.12.07,네이비,FREE,생각보다 커요,아주 만족해요,화면과 비슷해요,155cm,50kg,상의 55,"겨울에 휘뚜루 마뚜루 막 입을 기모 맨투맨이 필요했는데 제가 좋아하는 브이넥 라인에, 옆에 포인트로 라인이 들어가있어서 주문해버렸슴다!
전체 기장은 길지는 않았는데 저한테는 팔이 좀 많이 길더라구요~ 그래도 겨울 옷이니까 아우터 안에 입으면 상관없기두 하궁 너무 짧아도 안좋아서 만족합니댜!!"
쇼핑중독자입니다,상위 10%,24.12.06,네이비,FREE,정사이즈예요,보통이에요,화면과 비슷해요,167cm,55kg,상의 55,"폭닥폭닥하고 스판기 있는 면 소재는 아니고 조금 특이한 소재에요! 부직포 같은 빳빳한 느낌의 소재
어깡 느낌은 살짝 나지만 입어보니 생각보다 핏이 이뿐걸요???
세일하면 다른 색상도 사고 싶어요"
Jjol,상위 20%,24.12.05,백메란지,FREE,정사이즈예요,아주 만족해요,화면과 비슷해요,164cm,53kg,상의 55,"옷이 이쁜데 브이넥이 안어울려서 몇날며칠 고민하다 구매했어요
역시나 안어울리는데 이 옷 포기하고싶지 않아서 안에 반폴라 입고 입으니까 나름 잘어울리는거같아서 기분 좋게 출근중입니다
넣입해도 이쁘고 그냥 입어도 괜찮아용
팔이 좀 길어요 근데 팔이 길면 여리여리해보이니 오히려 좋아 ~~ 잘입을게용"
션션,상위 10%,24.12.01,그레이,FREE,정사이즈예요,아주 만족해요,화면과 비슷해요,161cm,47kg,상의 44,"이 맨투맨 아방파고 박시해서 은근 힙해보이기도 하고 귀여운 스타일로 까지 연출 쌉가능 입니다 🥺
안에 기모 좀 들어있어서 따뜻해서 더 좋네용 단독으로 입어도 이쁘고 안에 흰티랑 같이 입어도 이뻐욧 !_! 다음에 다른 색상도 사고싶네용 👍🏻"
감자히어로,탑리뷰어,24.11.29,네이비,FREE,정사이즈예요,아주 만족해요,화면과 비슷해요,163cm,47kg,상의 44,"아악 당장 안사시고 뭐해요ㅠㅠ 고민하지말고 주문하쎄요
기모있어도 따듯할까 싶었는데 생각보다 훨씬 따듯하고 재질이 후드티 같은 면 재질은 아니에요 조금더 빠빳(?)한 느낌이라 먼지는 잘 붙을거같은데 그런 단점조차
잊게해주는 핏도 그렇고 박시한데 부해보이는
루즈핏이 아니라 사랑스러운 핏이라 해야하나
저는 완전 만족해요 ㅎㅎ 새로 산 바지에 매치해봤는데
트레이닝바지나 스웨이드든 하의는
뭐에입어도 잘 받칠거같아요 ㅎㅎ
브이넥이라 목이 답답해 보이지도않구 딱 적당히 파이는게 더 이쁘다해야할까요 ㅎㅎ
다른 색상도 구매하고시퍼요
다들 즐거운 직잭쇼핑 되세요~!"
혜봄,상위 10%,24.11.08,오트밀,FREE,정사이즈예요,아주 만족해요,화면과 비슷해요,157cm,44kg,상의 44,"믿고 결제하는 베이델리 제작 맨투맨이에요... 🤍 어깨 길이가 40cm에 육박하는 제게도 이런 여리한 느낌이 연출될 수 있다는 게 너무 좋았어요 ! 어깨가 넓으셔도 라인이 이쁘신 편이시면 입으셔도 괜찮을 듯 합니다

목이 짧은 체형이라 목이 파져있는 옷을 좋아하는 편인데, 깊지도 얕지도 않은 딱 적절한 v넥이 목 길이를 커버해줘서 좋아요... ☺

살짝 앞 프린팅이 아래로 내려가 있는 느낌이지만 딱히 거슬릴 정도는 아닙니다 !!"
돈도없는데계속사네,상위 15%,24.10.10,오트밀,FREE,정사이즈예요,아주 만족해요,화면과 비슷해요,157cm,48kg,상의 44,핏 보려고 잠옷 위에 입어서 사진은 정말 별로인데 옷은 예뻐요. 제 키 기준 모양 잡으면 골반 위고 다 펴서 입으면 골반 아래까지 옵니다. 도톰해서 아직은 못입고 다녔는데 곧 입고 다닐 수 있을거 같아서 기대돼요☺️ 저는 열이 많은 편이라 안에 긴팔이나 목티 껴입으면 초겨울까지도 단독으로 입을 수 있을거 같고 한겨울에도 패딩 안에 잘 입고 다닐거 같아요!
chan******,,24.09.03,그레이,FREE,생각보다 커요,아주 만족해요,화면과 비슷해요,171cm,51kg,상의 44,"핏이 정말 마음에 듭니다. 소매부터 빵실거려서 약간 아방한 느낌ㅋㅋ
기모 있어서 가을 겨울에 단독으로나 아님 셔츠랑 같이 해서도 잘 입을 거 같네요.
색깔 뭐할까 고민하다가 회색이 여기저기 잘 쓰일 거 같아서 그레이로 보냈네요.
키 171인데 아래 벤딩부분이 배꼽?에는 오는 거 같아요 적당한 크롭"
대머리독수리,상위 30%,24.12.07,그레이,FREE,정사이즈예요,아주 만족해요,화면과 비슷해요,160cm,58kg,상의 55,넘 예뻐요. 이런 스포티한 맨투맨갖고싶었고 고릴라핏 좋아하는데 굳 ... 생각보다 소매 밑단 시보리 쨘쨘하다랄까? 좋습니당 매우매우
x7RMx7qB,,24.11.26,그레이,FREE,정사이즈예요,아주 만족해요,화면과 비슷해요,,,,"징짜 마음에 들어요!! 화면과 같아요ㅎㅎ
브이넥이라 좋아요
배송 엄청 빠르고용 여기서 여러 개 샀는데 다 마음에 듭니다!!

+ 엥 ㅜㅜㅜ 속에 있는 보풀 장난아니에요..."
LpVLCsQG,,24.03.21,백메란지,FREE,생각보다 커요,아주 만족해요,화면과 비슷해요,151cm,43kg,상의 44,"151에 45키로에요
생각보다 품이 큰데 소매와 밑단이 탄탄해서 핏이 예쁘네욤 예쁘게 잡아줘요
근데 카고바지랑도 입어봤는데 이 맨투맨은 치마랑 입눈게 정말 예쁘네욤 ㅎㅎ 완전 두툼하고 탄탄하고 오래입을수있을것같아요!"
ekdu******,,24.03.15,백메란지,FREE,정사이즈예요,보통이에요,화면과 비슷해요,168cm,53kg,상의 55,"168 기준 배꼽?골반 정도 기장이라 무작정 큰 맨투맨 느낌은 아닙니다!ㅎㅎ
색도 너무 예쁘고 브이넥이라 맨투맨의 투박함을 좀 잡아준 느낌이 들고 안에 기모도 폭닥하니 좋았어요!다만 옷을 처음 꺼냈을 때 실밥 정리가 좀 필요했는데 이정도는 괜찮았습니다!
제가 보통이라고 평가한 이유는 밑단 시보리 때문인데요!짱짱한 건 좋지만 너무나도 짱짱해서 약간 허리가 조이는 느낌을 받아서 아쉬운 느낌이 들었습니다!사진과는 달리 좀 더 조였던 느낌이었어요!"
sa21Ofq8,상위 10%,24.03.14,그레이,FREE,생각보다 커요,아주 만족해요,화면과 비슷해요,156cm,42kg,상의 44,"생일이 22일이라서 고른 옷인데 디자인, 핏, 색깔, 따뜻함까지 너무 마음에 들어요🩶 진짜 땀날만큼 포근하고 살에 닿는 기모가 넘넘 부드러워요!! 오트밀이랑 그레이 둘 다 했는데 그레이는 스포티하면서도 깔끔하고 세련된 느낌도 나서 오트밀이랑 되게 다른 매력이고 이뻐요🥰 그리고 아방하고 동그란 핏이 진쨔 귀엽습니당!!"
sa21Ofq8,상위 10%,24.03.14,오트밀,FREE,생각보다 커요,아주 만족해요,화면과 비슷해요,156cm,42kg,상의 44,제 생일이 22일이라서 보자마자 구매했어요!! 양기모 재질을 너무 좋아해서 그런 옷들이 많은데 이건 그 수많은 옷들 중에서도 양기모 퀄리티가 손에 꼽을 만큼 좋아요..🥹🤍 완전 땀날만큼 도톰하고!! 핏도 정말정말 아방하고 귀여워요 오트밀 색상은 실제로 받아보면 더 밝고 흐릿?!합니다 다만 라인 색깔이 진한 초코라서 포인트되고 이뻐요!!🤎
SQDunn5S,상위 5%,24.02.28,오트밀,FREE,정사이즈예요,아주 만족해요,화면과 비슷해요,161cm,44kg,상의 44,"평소에 편하게 입을 맨투맨 찾다가 디자인 예쁜데 가격도 착하길래 바로 구매해봤는데 너무 예뻐요!! 
브이넥이라 답답하지도 않고 시보리도 짱짱해서 핏이 되게 예뻐요 ㅎㅎ 너무 과하지 않은 예쁜 기장의 크롭이라 하의 매치하기도 쉽고 다른색도 재구매하고싶네용!"
tlphlEaR,,24.01.28,그레이,FREE,생각보다 커요,아주 만족해요,화면과 비슷해요,162cm,42kg,상의 44,"옷은 너무 예쁘고 다 좋은데요 이염 때문에 별 하나 뺐어요
다 뜯기도 전에 이염 발견했어요 겉에 포장 비닐에 이물질이 붙어있고 옷에는 뭔지도 모르겠는 이염이 있는데 굳어서 긁으니 긁혀나옴 검수좀 똑바로 해주세요 ㅠ
교환하기 귀찮아서 그냥 대충 세탁해서 입을라구요"
ersi***,,24.01.21,오트밀,FREE,정사이즈예요,아주 만족해요,화면과 비슷해요,162cm,56kg,상의 55,"진짜 모델컷이랑 똑같은 색감의 맨투맨이라 너무 마음에 들어요🥰
브이넥 오버핏은 처음인데 생각보다 진짜 괜찮네요
기장은 너무 길지는 않은 기장이라 예쁘게 입으려면 골반쯤에 걸쳐지게 되는 거 같아요
베이델리에서 얼마전에 샀던 팬츠랑 같이 입었는데 브라운 색감이 똑같아서 누가보면 세트인 줄 알겠어요ㅋㅋ
배송 왔을 때 냄새도 하나도 안났고 실밥 정리도 꼼꼼하게 되어있었어요
이런 퀄리티 좋은 양기모 맨투맨 저렴하게 산 거 같아서 기분 좋아요🤎"
L2PTuxU5,,25.01.11,네이비,FREE,정사이즈예요,아주 만족해요,화면과 비슷해요,158cm,53kg,상의 55,"쿠팡인줄요 ㅎ 배송엄청 빠르네요
옷 퀄리티가 너무 좋아요
맨투맨이 탄탄하고 두께감있고 뭣보다 디자인이 넘이뻐요 ㅎㅎ 하자없구 화면이랑 색상도 똑같아요!!
즐겨찾기에 추가했어요
봄옷도 예쁜거 많이나왔음 좋겠어요 역시 리뷰보고 사길잘했어요👌🏻"
leeh******,상위 15%,25.01.11,백메란지,FREE,정사이즈예요,아주 만족해요,화면과 비슷해요,158cm,65kg,상의 66,"멜란지 컬러 좋아해서 샀는데 정말 귀여워요. 
아주 크롭도 아니라서 청바지에 입으니까 기장감도 딱 좋게 떨어져서 손이 자주 갈 것 같아요. 
안에 기모도 도톰하고 부드러워서 겨울 동안 교복처럼 입을 수 있을 것 같아요!"
nlih2Exi,상위 10%,25.01.09,오트밀,FREE,생각보다 커요,보통이에요,화면과 비슷해요,160cm,59kg,상의 55,기존에 베이델리 기모 트레이닝 바지 깔별로 너무 편하구 따뜻하게 잘 입구 있어서 맨투맨도 한번 사봤어여. 갈색 바지랑 짱 잘어울려요. 기모 일단 따뜻하고요. 핏은 좀 어정쩡해요. 소매 너무 길어서 손 나오면 좀 오랑우탄 같아집니다. 그리구 젤.. 슬펐던 건 전면 레터링에 오타가 있어요ㅎ felling 이 뭘까요 ㅠㅎ 근데.. 겨드랑이로 들어가는 부분이라 잘 안보여서 그냥 입을래요 요즘 넘 추워서요
에솔이,상위 25%,25.01.06,네이비,FREE,정사이즈예요,아주 만족해요,화면과 비슷해요,166cm,49kg,상의 44,"핏도 이쁘고 팔 긴거를 좋아하는데 너무딱이에요!!
네이비색 안좋아해서 처음 사는데 만족입니다!!!
기모도 보들보들한 스타일로 엄청 두꺼운건 아니지만
상의로 입기 딱 적당한 정도라고 생각됩니다"
GXDdwyVu,상위 15%,24.12.16,백메란지,FREE,정사이즈예요,아주 만족해요,화면과 비슷해요,170cm,68kg,상의 66,"저는 170센치에 68키로 정도여자입니당
저랑 비슷하신분들은 여리여리핏 기대하지마십쇼!
그래도 꽤나 예뻐요 ㅎㅅㅎ 
편하게 툭툭 걸치기 좋은 데일리 맨투맨
여리여리핏을 기대하고 샀지만 제 체격에는 그냥 정핏 맨투맨이예유 ㅋㅋ 팔 기장이라도 길어서 다행이예요!
따뜻하고 편해요~~ 추천"
P9jmW2ZP,상위 15%,24.12.08,백메란지,FREE,정사이즈예요,별로예요,화면과 비슷해요,160cm,55kg,상의 55,받자마자 꼼꼼히 안본 제 책임이겠죠..? 받아서 세탁하고 보니 팔쪽 라인에 구멍이 나있네요..? 울세탁으로 단독으로 세탁했는데.. ^^…. 넘 맘에들어서 다른색상 하나 더 사야지 했는데 안사길 잘했다는 생각드네요.. 검수 잘좀 해주세요
8QOBVXtH,상위 10%,24.12.07,백메란지,FREE,정사이즈예요,아주 만족해요,화면과 비슷해요,163cm,55kg,상의 55,진짜...제 생애 이렇게 탄탄하고 속기모도 부드럽고 따뜻하고 길이까지 적당하고 짜임새까지 완벽한 맨투맨은 처음입니다.... 심지어 목도 시원하게 길어 보일 수 있게 브이넥이라서 진짜 좋습니다 색상 고민 많이하다가 두 가지 구매했는데 그레이까지 구매하고 싶어요...진짜 탄탄합니다.
8QOBVXtH,상위 10%,24.12.07,네이비,FREE,정사이즈예요,아주 만족해요,화면과 비슷해요,163cm,55kg,상의 55,진짜...제 생애 이렇게 탄탄하고 속기모도 부드럽고 따뜻하고 길이까지 적당하고 짜임새까지 완벽한 맨투맨은 처음입니다.... 심지어 목도 시원하게 길어 보일 수 있게 브이넥이라서 진짜 좋습니다 색상 고민 많이하다가 두 가지 구매했는데 그레이까지 구매하고 싶어요...진짜 탄탄합니다.
F3WI7mKF,,24.12.01,오트밀,FREE,정사이즈예요,아주 만족해요,화면과 비슷해요,167cm,62kg,상의 66,"일단 입었을때 진짜 따뜻해요 ! 제가 목 짧고 상체에 살이 많아서 오히려 이런 펑퍼짐한 핏은 잘 못입는데 이 옷은 크롭도 적당하고 브이넥이라서 답답해 보이지않아서 좋아요.
치마랑 입어도 예쁘고 바지랑 입어도 예쁘고 그냥 다 이뻐요 ㅎ"
옷사능게조아,상위 10%,24.12.01,백메란지,FREE,생각보다 커요,아주 만족해요,화면과 비슷해요,153cm,48kg,상의 44,"스포티하고 청바지or조거팬츠에도 잘어울랴요 
브이넥이라 불편하지않고 좋아요
 아래 바지는 벨리드 바지랑 같이 매치했는데 역시 벨리드 옷 잘뽑아용 ~~~
넉넉하게 입기좋고 안감기모라서 굳굳입니당 
긐데 빨았는데도 안감에 약간 하얀털 빠지더라구요 
감안해서 입어야갤거같아요"
4L8dJ1Ox,상위 10%,24.11.29,백메란지,FREE,정사이즈예요,아주 만족해요,화면과 비슷해요,154cm,42kg,상의 44,"12월 배송 예정으로 떠있을 때 사서 늦게 올거라고 생각했는데, 주문하고 3일 안에? 왔던 것 같아요.
옷감이 부드럽고, 기모 적당이 도톰하고 부드러워서 자꾸 손이 가능 옷인 것 같아요! 다른 색깔도 사고 싶어요"
1ADe9r2D,,24.11.29,그레이,FREE,정사이즈예요,아주 만족해요,화면과 비슷해요,,,,"시보리 너무 탄탄하고 기모도 너무 따듯해요ㅠ
이번 겨울 제 교복템 각입니다
이전에 보고 이쁘네? 하고 지나친게 제 실수입니다
고민하시는 시간이 아까우니 그냥 보고 괜찮네? 하시면 그냥 사세요ㅎㅎ 브이넥도 부담없는 라인으로 떨어져서 정말 추천입니다!!"
하이쩨이,상위 5%,24.11.27,오트밀,FREE,생각보다 커요,보통이에요,화면과 비슷해요,161cm,48kg,상의 55,"완전 만족이예요!
양기모라 부드럽고 맨살에 닿아도 자극이 덜해서 좋아요!!
품은 생각보다 커서 위에 겉옷을 뭘 입을까 고민했는데 덜 추울 땐 이너티랑 하나만 입어도 될 정도예요! 한겨울에는 그냥 위에 패딩입으면 딱 될 것 같아요!

소매더 조금 긴편이라 손등까지 덮어주는데 덕분에 손도 따숩게 입고 있어요🥰"
PgbLSiIU,상위 5%,24.11.26,그레이,FREE,정사이즈예요,아주 만족해요,화면과 비슷해요,162cm,56kg,상의 66,사진이랑 똑같이 디자인도 이쁘고 따뜻하고 적당한 두께감이라 겨울내내 교복템으로 입을수 있을거같아요! 다만 허리부분이 조금 조이는? 핏이라 엄청 편하진 않지만 못입을 만큼 불편한 느낌도 아니라 잘 입으려구요~
b.udou,상위 10%,24.11.26,백메란지,FREE,정사이즈예요,보통이에요,화면과 비슷해요,164cm,46kg,상의 44,"기모처리 돼있는데
세탁전이라 털들이 묻어나오는데
세탁해봐야 알꺼 같아요
기모있는 옷들중에 세탁해도 계속
묻어나오는 옷들이 있는데
이건 안그러길ㅜㅜ
몸통 부분은 품이 그리 크진 않아요 !
오버핏보단 스탠다드핏이고
팔이 이렇게 길줄 몰랐는데 
길어서 손가락까지 다 덮고도 남아요 !"
luna****,상위 5%,24.11.25,오트밀,FREE,정사이즈예요,아주 만족해요,화면과 비슷해요,159cm,47kg,상의 44,"우선 양기모가 진짜 톡톡하게 들어가있어요 진짜 너무 좋아요.. 보통 양기모 들어간다해도 얇게 들어가있는데 진짜로 두둑허니 들어가있어요 
밴딩 부분도 두껍지않고 적당해서 핏도 예쁘게 떨어져요 ㅜㅜ 행복합니당 그리고 퀄리티가 완전 굳이에요 지금 베이델리에만 얼마를 쓰는지..감사합니다 제 옷장 채워주셔서!!"
blwyOCwq,상위 15%,24.11.15,백메란지,FREE,정사이즈예요,아주 만족해요,화면과 비슷해요,153cm,57kg,상의 55,작년에 샀던거 보다 안감이 뭔가 더 부들부들해진거같고 핏도 약간의 아방(군살커버가능)+적당한길이감 으로 이쁨 사는거 추천 브이넥이라 목짧요정님들 꼭 사세용 저는 브이넥+트랙이라 ㅇㅣ뻐서 삼
blwyOCwq,상위 15%,24.11.15,네이비,FREE,정사이즈예요,아주 만족해요,화면과 비슷해요,153cm,57kg,상의 55,작년에 샀던거 보다 안감이 뭔가 더 부들부들해진거같고 핏도 약간의 아방(군살커버가능)+적당한길이감 으로 이쁨 사는거 추천 브이넥이라 목짧요정님들 꼭 사세용 저는 브이넥+트랙이라 ㅇㅣ뻐서 삼
ps10**,상위 5%,24.10.30,오트밀,FREE,생각보다 커요,아주 만족해요,화면과 비슷해요,164cm,48kg,상의 55,넉넉한 사이즈로 색감도 아주 예뻐요 브라운이 입고는 싶은데 안어울리시는 분들 포인트로만 브라운이 들어가 있어서 얼굴은 화사하면서 가을 분위기 즐길수 있어요. 안에 흰티 받쳐 입으면 쿨톤도 예쁘게 입으실것 같아요. 안에 기모는 상당히 부드럽고 약간의 털날림 있지만 과하지 않아요. 옷먼지 제거용 롤러로 한번 밀어주면 될것 같아요.
QNaI9MBm,상위 20%,24.11.08,오트밀,FREE,정사이즈예요,아주 만족해요,화면과 비슷해요,168cm,53kg,상의 44,아주 맴에 듭니다! 시보리도 짱짱하고 길이도 넘 길지않고 기모도 보드라와요 네이비도 사고싶네용 퀄리티 좋습니다!!
Us8bhDCR,상위 5%,24.11.05,네이비,FREE,생각보다 커요,보통이에요,화면보다 어두워요,161cm,48kg,상의 55,으음.. 도톰하고 따뜻해요 저한테는 좀 컸어요 그렇게 막 예쁘다 보다는 편하겠다? 데일리로 자주 입을것 같아요 편하고 좋습니당
zBmXGuJn,,24.01.11,네이비,FREE,정사이즈예요,아주 만족해요,화면과 비슷해요,157cm,52kg,상의 55,배송받자마자 입고 나갔는데 따뜻하고 보들하고 너무 마음에 들어요! 색감도 딱 예쁜 네이비 색이라 어디든 잘 어울릴거같아요 ㅠㅠㅠ 오트밀 색상이랑 고민했는데 잘 산거같아요! 다음에 오트밀도 사야겠어요🍀
SRJ5dgdV,상위 5%,25.01.07,백메란지,FREE,작아요,아주 만족해요,화면과 비슷해요,167cm,77kg,상의 77,"만족은 합니다! 길이도 기모의 두툼함도!굿
그치만 입을때 쪼금 고무가 짱짱한건지는 모르겠지만 낑겨여 그렇다고 입었을때 작으냐 그건 아니고요 그냥 입을때 불편함 정도 조금더 야유로웠다면 좋았을꺼같아여!"
AoRtMFZw,상위 10%,24.12.26,그레이,FREE,생각보다 커요,아주 만족해요,화면과 비슷해요,167cm,,,"🔸 평범한데 예쁜 맨투맨 입고 싶어요 추천!
🔸 넉넉하면서도 허리를 살짝 잡아줘서 좋았어요! 베이델리 맨투맨은 항상 성공하는 것 같아요➰
🔸바지를 어떻게 입느냐에 따라서 달라지는 옷이에요 베이델리 바지랑 입으니까 찰떡🥺 슬랙스랑 입으면 적당히 격식 차리고 출퇴근 룩으로도 휘뚜루 마뚜루입니다."
지희,상위 30%,24.12.24,네이비,FREE,정사이즈예요,아주 만족해요,화면과 비슷해요,164cm,94kg,상의 99 이상,일년만에살너무쪄서 옷 안사다가 오랜만에 쇼핑했는데 이 맨투맨이 제일 맘에 듦🫶🫶 허리 잡아줘서 예쁘다요 기모여서 따뜻할 것 같아요 근데 저 어깡인데 옷이 부해보이는 어깨라인이긴 함
조제리,상위 10%,24.11.27,백메란지,FREE,생각보다 커요,아주 만족해요,화면과 비슷해요,150cm,48kg,상의 44,"데일리+꾸안꾸 스타일로 입고 싶어 구입한 맨투맨 ,, 제 손으로 후드티는 구입했어도 맨투맨은 잘 구입 안하는데 왕왕 만족이에요 😌 브이넥이여서 안에 하얀 반팔티랑 매칭해도 예쁘고, 청바지도 예쁜데 상품설명 모델분처럼 츄리닝 바지랑 입어도 예뽀요 💙"
lbHt3VXe,상위 25%,24.10.15,네이비,FREE,정사이즈예요,아주 만족해요,화면과 비슷해요,164cm,54kg,상의 55,"화면이랑 똑같고 예뻐요. 자연스러운 오버핏. 다행히 어깡 느낌은 아니에여

소재는 좀 특이한데, 신축성이 전혀 없는 약간 부직포비슷한 느낌? 먼지가 엄청 많이 붙을 소재네여. 빨래할 때 조심해야할듯ㅋㅋ"
C7LqBSiG,상위 15%,24.10.14,백메란지,FREE,작아요,아주 만족해요,화면과 비슷해요,157cm,48kg,상의 55,제 생각보다 숏한 길이감이지만 도톰하고 쫀쫀합니다. 기모도 촘촘하게 있어서 낮에는 더웠어요...ㅎ 그래도 밤에 하나도 안 더웠고 귀엽고 편안한 디자인이라 여러 옷에 휘뚤마뚤 입을 수 있겠어요.
Jo8lmmL3,,24.03.19,백메란지,FREE,정사이즈예요,보통이에요,화면과 비슷해요,165cm,51kg,상의 55,"기대한것 이상으로 옷과 천의 퀄리티가 좋고, 생각했던 오버핏에 착용감도 좋아서 정말 잘 입고있습니다. 데일리 마실템 그리고 가볍게 입고나가고 싶을때 좋아요"
cyw5**,상위 15%,25.01.14,백메란지,FREE,생각보다 커요,아주 만족해요,화면과 비슷해요,168cm,56kg,상의 55,백메랑 네이비랑 고민많이 했는데 어두운 옷이너무 많아서 밝은거로 샀는데 예뻐요! 편하면서 귀엽게 입고 다니기 넘무 좋은거같아요~~!! 두툼해서 따듯하고 땀나요..
LNPZLd5Y,,25.01.11,오트밀,FREE,정사이즈예요,보통이에요,화면과 비슷해요,171cm,55kg,상의 55,브이넥이 적당히 파져있어서 그냥 데일리로 입기 좋은 것 같아요! 가격대비 퀄리티가 정말 좋은 것 같아서 놀랐어요. 근데 뭔가 기장이 사알짝 애매한 것 같긴 한데 잘 입을 것 같아요
gZxexEZl,상위 30%,25.01.11,백메란지,FREE,정사이즈예요,아주 만족해요,화면과 비슷해요,173cm,54kg,상의 55,"소재가 탄탄해서 오래 잘 입을거 같아요
173 기준으로 골반위로 올라오는 기장
적당한 크롭이라 맘에들어요!
다른 색상도 구매 해야겠어요"
cYNBd0d6,,25.01.10,그레이,FREE,생각보다 커요,보통이에요,화면과 비슷해요,159cm,44kg,상의 44,"색감도 예쁘고 살짝 오버핏이라 예뻐요 착용감도 편해요
다만 안에 검은티 위에입고 벗으면 먼지 ? 옷털? 엄청 많이 묻어요 .. 옷자체에서 먼지가 너무 많아 그건 좀 별로예요ㅠㅠㅠㅠ"
spin***,상위 20%,25.01.09,오트밀,FREE,정사이즈예요,보통이에요,화면과 비슷해요,163cm,52kg,상의 55,"배송 칼이고 기모들어서 따듯하고 
살짝 크롭이라 길이 적당하고 다맘에들어요 
대신에 아방핏 어깨깡 되는거 감안하셔야할듯 
그거빼곤 맘족"
bqjO6poe,,25.01.07,백메란지,FREE,정사이즈예요,보통이에요,화면과 비슷해요,153cm,53kg,상의 55,"너무 애같은 스타일인가 싶어서 작년부터 고민하다 산건데 너무 귀엽고 꾸안꾸할때 좋을거 같아요
153기준 허리까지오고 품은 살짝 큰데 살짝 오버핏으로 입기 좋을거 같아요"
rqmIUgTg,상위 5%,25.01.02,오트밀,FREE,정사이즈예요,아주 만족해요,화면과 비슷해요,158cm,55kg,상의 44,기모소재가 들어있어서 따뜻할 것 같고 기장은 긴편이 아니고 살짝 크롭 느낌이 있는 것 같아서 귀엽습니다! 아주 만족스러운 맨투맨이예요^^
yhgz,상위 10%,24.12.31,그레이,FREE,생각보다 커요,아주 만족해요,화면과 비슷해요,162cm,60kg,상의 66,따땃하고 안에 무ㅓ 하나 두꺼운거 더 입어도 될정도로 사이즈 넉넉해요~ 핏ㅅ은 예쁜데 너무 마르신분들은 좀 클듯..? 그리고 기장감은 크롭입니동
쏘냥냥,상위 15%,24.12.25,오트밀,FREE,생각보다 커요,아주 만족해요,화면과 비슷해요,170cm,50kg,상의 55,생각보다 오버핏인데 예뻐서 품으려구요! 색상도 은은하니 맘에들고 기모라서 따듯할 것 같아요ㅎㅎ 22 프린팅이 좀만 위에 있었으면 더 좋았을 듯 합니당
JGoktuNJ,상위 20%,24.12.21,그레이,FREE,생각보다 커요,보통이에요,화면과 비슷해요,,,,약간 럭비선수처럼 어깨가 붕하고 팔이 긴 편이에요. 핏이 좀 아쉽지만..그래도 겨울옷으로 기모가 탄탄해서 나름대로 두툼하게 입기좋아요.
혜쨩,,24.12.18,그레이,FREE,생각보다 커요,아주 만족해요,화면과 비슷해요,161cm,55kg,상의 55,안감 기모도있어서 부드럽고 따듯해여 색깔도 비슷하고물론 조금 크지만 불편함없을 사이즈라서 휘뚜루마뚜루 잘 입고 다닐거같아요 >_<✨
sJQYGsUM,상위 30%,24.12.17,오트밀,FREE,생각보다 커요,아주 만족해요,화면과 비슷해요,,,,너무 귀엽고 따뜻해요ㅎㅎ 도톰해서 한겨울에도 잘 입을 것 같고 오버핏이라 편하고 귀엽습니당 프린팅 아니고 자수로 들어가 있어서 더 예뻐요
qB4tuC9z,,24.12.17,그레이,FREE,정사이즈예요,별로예요,화면과 비슷해요,,,,"옷에 검은 얼룩이 묻어있고, 마감이 전체적으로 별로예요ㅠ 귀찮아서 입긴 하겠는데 먼지도 많이 묻고 얼룩도 있어서 손이 많이 안가는..."
hyee******,,24.12.13,네이비,FREE,정사이즈예요,아주 만족해요,화면과 비슷해요,160cm,47kg,상의 44,"기모있는 두툼한 맨투맨이라 한겨울에도 입기 좋네요 
길이는 딱인디 팔길이가 조금길어요
그래도 귀여움+여리여리해 보이는 스타일이라 마음에 듭니다"
namk***,상위 10%,24.12.11,그레이,FREE,정사이즈예요,아주 만족해요,화면과 비슷해요,,,,일단 어·이드 청바지랑도 달어울리고 트레이닝바지와도 잘어울려요.밑단이 조금 짧은 편이라 키가 커보이고 브이넥이라 답답함도 없고 원단도 두껍고 기모처리도 맘에들어요
QPuxs9To,,24.12.09,오트밀,FREE,정사이즈예요,아주 만족해요,화면과 비슷해요,162cm,50kg,상의 55,"브이넥디자인예뻐요 
두께도 도톰하고 부드러워서 겨울내내 잘 입을수있을것같아요
길이도 적당한 크롭이라 귀여워용
잘입을게요
컬러감 오트밀에브라운 조합좋네요"
osvrPQQm,상위 10%,24.12.05,그레이,FREE,정사이즈예요,아주 만족해요,화면과 비슷해요,159cm,53kg,상의 55,기모 보들보들 귀여워요. 디자인도 너무 과하지 않고 좋아요. 어깨랑 팔은 품이 커서 조금 부한 느낌이고 허리는 널널하진 않고 살짝 조여서 잡아줘요. 편하게 입기 좋아요.
vQRKPaWH,상위 20%,24.11.29,오트밀,FREE,정사이즈예요,아주 만족해요,화면과 비슷해요,,,,색깔이 다 마음에들어서 고민 많이하다가 오트밀로 주문했습니다 실물이 정말 귀엽습니다 브이넥 맨투맨은 처음 사보는데 어색하지않고 좋아요 마감이나 디테일도 좋습니다!
3jfCV5Fr,,24.11.28,네이비,FREE,생각보다 커요,아주 만족해요,화면과 비슷해요,159cm,47kg,상의 55,자수 깔끔하고 이뻐요! 입을 거 없을 때 고민 안 하고 골라입는 용도로 좋을 것 같아요 ㅋㅋ 색도 무난해서 다른 옷들이랑 잘 어울려요
ezre2pMh,상위 30%,24.11.27,그레이,FREE,정사이즈예요,아주 만족해요,화면과 비슷해요,170cm,59kg,상의 55,진짜 퀄리티 굳 너무 좋아요 완전 만족 가성비 갑이에요 입었을 때 진짜 편하고 핏이 예쁘게 나와요 편하게 데일리로 자주 입을 수 있을 거 같아요
0xlZpWG5,상위 30%,24.11.27,그레이,FREE,생각보다 커요,아주 만족해요,화면과 비슷해요,164cm,48kg,상의 55,재질 좋고 만족합니다! 크롭인데 너무 짧은 크롭은 아니에요. 기모가 털이 좀 빠지긴 하지만 감안할 수 있는 정도에요 도톰하고 예쁩니다!
HdFbLyeA,상위 15%,24.11.24,그레이,FREE,정사이즈예요,아주 만족해요,화면과 비슷해요,160cm,43kg,상의 44,"160/43
일단 디자인이 넘 이뻐요 약간 스포티한 느낌의 저한테는 살짝 큰 귀여운 핏? 그리고 도톰한 두께감이라 겨울에도 따뜻하게 잘 입을 수 있을 것 같아요"
뮴먐먀,상위 1%,24.11.21,그레이,FREE,생각보다 커요,아주 만족해요,화면과 비슷해요,164cm,53kg,상의 55,두툼하고 따뜻해요 기장 넘 짧을까봐 걱정했는데 키164에 옷 쫙 안 내리고 자연스럽게 내린상태에서 엉덩이 골까지 와욤 시보리는 짱짱한데 오버핏이라 어깡처럼 보일수는 있어요 ㅎ
DOpAs7wT,상위 10%,24.11.21,네이비,FREE,생각보다 커요,아주 만족해요,화면과 비슷해요,165cm,48kg,상의 55,도톰하고 퀄리티도 좋고 길이감도 좋아요. 다른 색상도 사고싶어용 편하게 잘 입고 있어요 저한테 많이 넉넉하긴한데 그게 더 좋은 것 같아요
Art1znTI,,24.11.19,백메란지,FREE,생각보다 커요,보통이에요,화면과 비슷해요,170cm,57kg,상의 66,박음질 퀄도 좋고 재질도 좋네요 가격이 저렴해서사실 좀 걱정했거든요~ 가격에 비해 재질도 좋고 잘 산 것 같아요 겨울에 따뜻하게 잘 입을게요
wPaNIfYv,,24.11.19,그레이,FREE,생각보다 커요,보통이에요,화면과 비슷해요,,,,두꺼워서 따듯해서 좋은데 좀 부해보이는 느낌은 있습니다. 옷을 좀 뒤로 넘겨서 입어야지 덜 부해보이는것 같아요그래도 겨울에 입기 좋습니다…..
g0Bn490M,상위 20%,24.11.19,오트밀,FREE,정사이즈예요,아주 만족해요,화면과 비슷해요,167cm,61kg,상의 66,"배송 진짜 빠르고 너무 이뻐용 !!
기모있어서 따듯하구요 브이넥 너무 깊지도 얕지도 않게 적당히 파져있어서 좋아요
길이도 적당한 크롭!!
만족합니다"
TUIIomM1,,24.11.19,그레이,FREE,정사이즈예요,아주 만족해요,화면과 비슷해요,158cm,47kg,상의 44,"핏 이쁘고 시보리 짱짱하고 기모도 너무 따끗해요
근데 검은바지에 첨 입으니 허리부분에 기모 묻어나서
돌돌이 한번 하고 입는게 좋을거같아요!!"
h4N3n5ER,,24.11.16,네이비,FREE,정사이즈예요,아주 만족해요,화면과 비슷해요,162cm,49kg,상의 44,빳빳하고 두껍고 핏도 이뻐오 팔 길고 상체쪽 길이는 달랑! 해요. 헐거워보이지 않고 딴딴한 옷이라 넘 맘에들어요 자주입고 다녀야겟어요. 어깨라인은 근데 좀 쳐져 보이긴 해어
Cu9twi6H,상위 5%,24.11.16,그레이,FREE,생각보다 커요,아주 만족해요,화면과 비슷해요,162cm,46kg,상의 44,"네이비사고 퀄도 나름 괜찮고
따뜻해서 그레이로 하나 더 구매
소재도 도톰해서 따뜻해요
색상도 이쁘고 의외로 그레이가 차분해보이네요
만족합니다"
choi******,상위 10%,24.11.09,네이비,FREE,정사이즈예요,아주 만족해요,화면과 비슷해요,171cm,59kg,상의 55,오트밀색 전애 샀는데 너무 만족해서 같은걸오 다른 색 구매했습니당! 안에 기모고 진짜 간단히 입기에 너무 좋은 상의라 재구매했는데 이번에도 만족입니다
먕묭먕이,상위 15%,24.11.06,백메란지,FREE,생각보다 커요,아주 만족해요,화면과 비슷해요,158cm,48kg,상의 44,"배송도 빠르고 맨투맨도 너무 마음에 들아요!
품도 넉넉해서 편하구
기모로 되어있아서 따뜻합니다 
다른 색상도 재구매 하겠습니다
좋은 제품 감사해용 💕"
Cu9twi6H,상위 5%,24.11.06,네이비,FREE,정사이즈예요,아주 만족해요,화면과 비슷해요,162cm,46kg,상의 44,"이쁘고 두툼기모라 엄청따뜻합니다
어깡되지만 소재나 오버핏이기에 무관하다고
생각들고 가격대비 퀄도 괜찮아요
겨울에 아주 잘입어질듯
이뻐요 다른색도 구매할듯 만족합니다!!"
gZVk0doY,상위 20%,24.10.17,그레이,FREE,생각보다 커요,아주 만족해요,화면과 비슷해요,164cm,50kg,상의 55,생각보다 커서 놀랐어요....배송이 조금 느려서 별하나 뺐는데 옷은 예쁘고 질도 괜찮은듯 해여 ㅎㅎ 안에 기모가 있어서 겨울까지 굿~~
jyma******,,24.04.01,그레이,FREE,정사이즈예요,아주 만족해요,화면과 비슷해요,,,,"제 키가 175인데 **이쁩니다
진짜 아방핏에 힙해보이고 아디다스같이 아주 디자인도 잘빼고 못 길어보이게 브이넥인거까지 완벽 너무 이뻐요 맨투맨치고는 가격비싼데 후회안해요 무조건 사세요"
UDJ604E4,,24.03.17,백메란지,FREE,생각보다 커요,아주 만족해요,화면과 비슷해요,164cm,52kg,상의 55,"딱 지금 잘씨에 입기 좋은 기모감의 옷이에요!
핏은 시보리가 허리춤에서 딱 잡아줘서 원하는 핏으로 입을 수 있었어요! 하지만 신축성은 좀 없어서 입을때 살짝 당황했지만 크게 신경쓰지 않게 입었습니다!
4월달까지는 예쁘게 잘 입을 것 같아요:)"
Vbjy6SIR,상위 30%,24.03.16,오트밀,FREE,생각보다 커요,아주 만족해요,화면과 비슷해요,161cm,48kg,상의 44,"생각보다 퀄리티가 좋아서 놀랐어요.
탄탄하고 시보리도 짱짱해서 맘에들었습니다.
색상도 생각보다 너무 브라운이라 고민했는데 브라운에 적응하고나니 예뻐서 잘 입고다녔어요.
기모도 짱짱해서 추운날 데일리로 입기 너무 좋앗어요"
VkfhpGhu,,24.03.09,그레이,FREE,생각보다 커요,아주 만족해요,화면과 비슷해요,160cm,52kg,상의 55,기모안감 두툼해서 굳이 내복 안입어도 되서 넘 좋아요 그러고 너무 편해서 손이 자주 가요 ! 대신 첨 입으실때 세탁하고 입으세요 기모 털들이 좀 빠지긴 해요 ㅠㅠ 그것만 빼면 완벽합니당
wOzgfiZq,,24.03.06,네이비,FREE,정사이즈예요,아주 만족해요,화면과 비슷해요,171cm,60kg,상의 55,"키가 크다보니 모델분처럼 넉넉하지는 않아서, 바지랑 입을때보단 치마랑 입는게 더 낫더라구요! 그치만 나름대로 핏이나 디자인이 예뻐서 아주 맘에 들었습니다! 

기모도 두툼해서 꽤 따듯했고, 프린팅인줄 알았는데 자수로 디자인되어있어서 더 만족했습니당😊

저한텐 좀 짧아서 건조기 돌리면 더 작아질듯해서 앞으로도 걍 세탁하고 말려서 입어야 할 것 같지만! 

봄까지 잘 입을 수 있을것 같습니다✨ 꾸안꾸룩으로 아주 좋아서 회사에도 자주 입고 가는중입니다!

160cm대 분들까지는 아주 이쁘게 잘 입으실 수 있을거 같아요~!"
hZwLEElL,,24.02.23,백메란지,FREE,정사이즈예요,아주 만족해요,화면과 비슷해요,149cm,43kg,상의 44,너무너무 만족합니다 리뷰에서 팔 부분이 이상하다고 해서 걱정을 많이 했는데 사기 잘한거 같습니다!! 샀던 맨투맨 중에 탄탄하고 만족합니다!! 팔길이가 조금 긴거 같지만 문제없고 나중에ㅜ다른색으로도 구매하고싶습니다. 배달도 빨리왔습니다!
안해,상위 10%,24.02.19,백메란지,FREE,정사이즈예요,아주 만족해요,화면과 비슷해요,200cm 이상,30kg 이하,상의 44,"제가 드디어 쇼핑몰 눈이 트였나 봅니다
이렇게 퀄리티 좋은걸 실패없이 한번에 삿다니,,
기모 안감이라 두께도 도톰하고 일단 엄청 따뜻해요
안감 자체가 엄청 부드러워서 맨살에 하나만 입고다녀여
그리고 제작상품이라 그런가 진짜 동대문퀄이ㅜ아니에요 시보리가 일단 짱짱해서 핏도예쁘고 조거팬츠랑도 잘어울리고 치마랑도 잘어울려요..길지도 않고 
당장 사세오 아니 사지마세요 저만 입게"
KRb6aZix,상위 10%,24.02.18,네이비,FREE,정사이즈예요,아주 만족해요,화면과 비슷해요,163cm,55kg,상의 55,후기대로 신축성이 없어서 입고벗을때 틱 걸리는게 있긴 하더라구용 그티만 길이도 딱예쁘고 적당한 벙벙한 핏이라 편하게입기 좋아요 어깨선이 애매해서 고민 마니했는데 어두운색이기도 하고 핏이 커버가돼서 딱히 거슬리지않아요 추천~
W6fk21Hd,,24.02.18,백메란지,FREE,정사이즈예요,보통이에요,화면과 비슷해요,163cm,52kg,상의 55,"디자인이나 색상이나 다 괜찮습니당
멜란지 컬러라 청바지랑 입어도 예쁘고
츄리닝 바지랑 입어도 잘 어울려용

길이도 너무 길지 않아서 좋구
브이넥이라서 목이 길어보여용

근데 뭔가 소매부분이 편하지는 않은 느낌?
그래도 옷은 예뻐요"
jin-*****,상위 25%,24.02.11,네이비,FREE,정사이즈예요,보통이에요,화면과 비슷해요,170cm,62kg,상의 66,"품 넉넉하고 화면이랑 색상 퀄리티 다 같아요!
다만 저는 키가 170인데 길이가 좀 짧아요
그래도 팔 길이는 길어서 괜찮은것 같다가도
약간 고릴라 늑힘 ,, 쿡ㅋ 입다보니 적응 됐고
또 나름 귀여운것 같습니다~!"
gusw*****,,24.02.08,오트밀,FREE,정사이즈예요,아주 만족해요,화면과 비슷해요,164cm,51kg,상의 55,디자인 보고 반해서 오트밀이랑 그레이 한번에 두개 주문 했어요 좀 더 아방하길 바랬는데 정핏 느낌이고 허리 밴드가 생각보다 타이트해서 골반 좀 있는경우에는 옷 모양 잡기가 오히려 좀 애매한것 같아요 그거 말고는 가격대비 질이나 디자인 모두 휼륭해요
gusw*****,,24.02.08,그레이,FREE,정사이즈예요,아주 만족해요,화면과 비슷해요,164cm,51kg,상의 55,디자인 보고 반해서 오트밀이랑 그레이 한번에 두개 주문 했어요 좀 더 아방하길 바랬는데 정핏 느낌이고 허리 밴드가 생각보다 타이트해서 골반 좀 있는경우에는 옷 모양 잡기가 오히려 좀 애매한것 같아요 그거 말고는 가격대비 질이나 디자인 모두 휼륭해요
Djsior,,24.02.02,백메란지,FREE,생각보다 커요,보통이에요,화면과 비슷해요,158cm,48kg,상의 44,음.. 옷 자체는 이쁜데 제가 상체가 빈약해서 그런지 입었을때 어깡.. 고릴라 느낌이긴 해요 그치만 이쁨.. 잘 만져서 입으면 괜찮을 듯 해요! 그리고 빨래 한번 돌렸는데 목 부분이 좀 늘어났어요 ㅜㅜ
BJWFQ1F2,상위 20%,24.02.02,그레이,FREE,생각보다 커요,보통이에요,화면과 비슷해요,163cm,62kg,상의 66,"색 고민하다 그레이로 구매했는데 전체적으로 귀여워요!
다만 어깨 부분..?이 생각보다 붕 떠서 살짝 부해보이는 감이 있고 길이도 애매해서 시보리 쪽을 안으로 넣어 입어야 그나마 낫습니당 기모도 들어가있어서 따뜻해서 좋아요!"
ntjX2pRv,,24.01.31,네이비,FREE,생각보다 커요,보통이에요,화면과 비슷해요,156cm,46kg,상의 55,"상세사이즈보다 커요ㅠㅠ
통통한 55고 지귬 허리도 통자 햄인데듀
컸어용 마른분들은 허리 무조건 줄여야 할것 같아여 
크롭보단 골번이나 엉덩이반쯤 가리는 상의에 이쁜핏 같아요 조금 퍼집니댜 야악간 안이쁜 플레어 라인 같아용
그리규 바지가 붙어있어서 구런지 옷자체도 많이 무거워용"
ansa****,상위 20%,24.01.31,그레이,FREE,정사이즈예요,아주 만족해요,화면과 비슷해요,163cm,56kg,상의 66,"가격대가 좀 있긴한데 옷 냄새도 안나고 팔길이도 길어어서 여리여리오버핏이에요ㅎㅎㅎ 너무 만족합니다 !! 디자인 똑같은거 여러개 잘 안사는데 다른색도 살려구요 !!
화이트 컬러 출시되면 좋겠어용 😄😄"
eN7efN4T,상위 20%,24.01.27,백메란지,FREE,정사이즈예요,아주 만족해요,화면과 비슷해요,157cm,46kg,상의 44,"따뜻하고 디자인도 이쁘고 너무 좋아요
박시한 디자인으로도 잇엇으면 좋겠어요!!
가성비 최고예요ㅎㅎ맘에 쏙~
배송까지 빨라서 다른 컬러도 구매할 예정입니다
첫 구매인데 너무 성공적이였네요 감사합니다"
tjdk****,,24.01.23,오트밀,FREE,정사이즈예요,아주 만족해요,화면과 비슷해요,158cm,40kg,상의 44,"기모도 따뜻하고 두툼해요. 싼 티 절대 XXX
살까 말까 고민 중이라면 사는거 추천드립니다!!!! 
158기준 딱 골반 걸쳐요. 팔은 살짝 긴데 크게 입을만한 옷입니다 ㅎ.ㅎ"
ke3pAwCB,탑리뷰어,24.01.22,네이비,FREE,정사이즈예요,아주 만족해요,화면과 비슷해요,,,,솔직히 요건 제품 사진보다 모델언니 착장이 넘 맘에들어서 최대한 비슷하게 입어보고싶었던 건데.. 일본 여행기간 날이 추워서 코트를 여미고 다녔더니 잘 안 보이네요ㅠㅠ 브이넥이라 답답해보이지 않고 안감 기모도 두껍지않아 적당히 도톰하니 귀여운 디자인이에요!!!! 모델언니 착장이 신의 한수였어요 ㅎㅎ 최대한 비슷하게 꾸몄는데 남친이 예쁘다고 칭찬해줌 ㅎㅋ
cong******,,24.01.22,네이비,FREE,생각보다 커요,아주 만족해요,화면과 비슷해요,158cm,47kg,상의 44,딱 원하던핏이에요 품이 더 오버핏이었음 더 좋았을것같지만 이대로도 만족합니다 ㅎㅎ 일단 재질이 너무 좋네요 도톰하규 안감 기모 있어서 따뜻하게 입을수있었어요! 바지 치마 다 잘어울리고 추리닝에도 잘 어울려요
qkVIQ6aI,,24.01.20,오트밀,FREE,정사이즈예요,아주 만족해요,화면과 비슷해요,153cm,41kg,상의 44,"일단 색상은 화면 그대로고 착용감이 너무 딱 편해요 
너무 크지도 작지도 않고 적당한 사이즈에 
손이 자주 갈거 같아요 ^^ 촉감도 부드러워서 입으면 기분이 좋네요 ^^ 맨투맨 구매중 탑으로 맘에 드네요"
rWAWawll,,24.01.19,네이비,FREE,정사이즈예요,아주 만족해요,화면과 비슷해요,165cm,48kg,상의 44,아 이거 업뎃하자마자 눈여겨보고 계속 생각나서 샀는데 넘 후회돼여 그때살껄하고..ㅎ 너무농효브냉이고 찡두껍고 퀄리티짱이에요 무신사에 비슷한 스타일 살까하다가 디테일이 맘에안들어서 베이델리샀는데 넘넘 만족합니덩
rti2QPXp,,24.01.18,백메란지,FREE,정사이즈예요,아주 만족해요,화면과 비슷해요,155cm,65kg,상의 77,"화면과 비슷해요
제가 덩치가 있어서 당연히 모델분들같은 핏은 아니지만
적당히 잘 입을 정도?
백메란지 이쁘고 기모도 갠춘합니다
그리고 숫자 색이랑 팔에 있는 줄무늬는 블랙 아니고 네이비에용"
phw0******,,25.01.11,오트밀,FREE,정사이즈예요,보통이에요,화면과 비슷해요,160cm,58kg,상의 66,오트밀 구매 했는데 존예♥️ 브이넥이라 얼굴 갸름해보여서 너무 맘에 쏙 들어용! 깔별로 구매하고 싶을 정도로 재구매 의사 200% 입니다ㅎㅎ
f6XlnwqV,상위 5%,25.01.08,그레이,FREE,정사이즈예요,아주 만족해요,화면과 비슷해요,152cm,55kg,상의 55,재질 넘 좋은데여!? 어떤 분이 부직포같다고 그랬던거같은데 전혀아니에여! 부들부들하고 엄청 좋아여 사길 잘한 것 같아요 잘입을게영!! 니트치마랑 입을려구영
m0mioRvr,,24.12.16,백메란지,FREE,정사이즈예요,별로예요,화면과 비슷해요,162cm,64kg,상의 66,"사이즈도 괜찮고 색감도 사진과 같아요.
디자인도 예쁜데 한번 세탁하니까 오른쪽 소매부분이 튿어졌습니다.
세탁 한번에 튿어지는 경험은 처음이라 당황스럽네요😅
미약한 제 바느질로 어떻게든 붙여놨는데 아쉬워요.."
ueno69gP,상위 20%,24.12.13,백메란지,FREE,정사이즈예요,보통이에요,화면과 비슷해요,155cm,50kg,상의 55,"진짜 기대했던 맨투맨인데 약간 아쉬운 점이 있어요 ㅠㅠ 일단 핏은 너무 예쁘고 어벙벙해서 여리해보여요 그리고 디자인 말모.. 캐주얼해서 청바지 추리닝 다 잘 어울려요 멜란지 예쁘면 네이비도 사려고 했는데 안 사는 이유는 ㅠㅠ 
22 로고가 생각보다 가슴 아래로 내려가요.. 그래서 균형이 안 맞다고 해야 되나 좀 이상해서 뒤로 좀 끌어서 입어야 22가 가슴쪽으로 와서 예뻐요 글고 가장 큰 문제점은 안에 기모가 🤦🤦🤦🤦 진짜 입자마자 먼지파티여서 뒤집어서 세탁기 돌리고 건조기 넣었는데 건조기 안에 난리났어요 돌려도 돌려도 먼지통이 꽉 찰 정도로 계속 나와여... 그래서 지금 침구털기로 털고 있긴 한데 입어서 기모를 좀 닳게(? 지들끼리 뭉치게(? 해야 이 먼지 사달이 끝날 거 같아요 ㅠㅠ 기관지 소중하니 무조건 세탁하고 입으세요..."
bYzInFPA,상위 15%,24.12.10,오트밀,FREE,정사이즈예요,아주 만족해요,화면과 비슷해요,165cm,55kg,상의 55,"따뜻하고 포근합니다. 일반 맨투맨 티셔츠와는 달리 브이넥이라서 마음에 듭니다ㅎㅎ
요즘 교복처럼 입고 있어요~
팔이 긴편인데 넉넉하고 편합니다~~"
Uq9IETKL,상위 30%,24.12.10,오트밀,FREE,정사이즈예요,아주 만족해요,화면과 비슷해요,155cm,48kg,상의 44,"와 넘 귀엽고 폭닥폭닥해요
따뜻하고 편합니다!!!!
후기가 좋아서 샀는데 진짜 괜찮네요
색깔도 괜찮고 잘 입고다닐거같아요~"
NycRgzp9,상위 20%,24.12.05,오트밀,FREE,정사이즈예요,보통이에요,화면과 비슷해요,175cm,56kg,상의 55,도톰한 휘뚤 마뚤템 필요 했는데 기모라 따뜻하게 잘 입을 것 같아요 생각보다 몸통부분 애매하게 짧아서 살짝 아쉽지만 쫌 길었어도 멋스럽게 입을 수 있었을 것 같아요
Gdl4PtF9,상위 20%,24.12.04,그레이,FREE,정사이즈예요,보통이에요,화면과 비슷해요,165cm,53kg,상의 55,다른 후기처럼 글자 자수가 살짝 아래에 있는 편이라 그건 쫌 아쉬워요. 그치만 핏이 아방하니 귀엽습니다. 색깔은 정석인 그레이색이에요
Nu5rcZjJ,상위 30%,24.11.27,그레이,FREE,정사이즈예요,아주 만족해요,화면과 비슷해요,158cm,43kg,,"일단 브이넥이라는 점이 너무 좋고 입었을때도 예뻐요
근데 오버핏이다보니 어깨와 어깨아랬부분이 좀 부하게 뜨기는 해요, 이상할 정도는 아니고 소매를 살짝 내리면 괜찮아용"
JKA9pq8x,,24.11.24,백메란지,FREE,정사이즈예요,아주 만족해요,화면과 비슷해요,164cm,55kg,상의 55,색이랑 디자인이랑 너무 맘에 들어요! 근데 좀 아쉬운건 밑단을 잘안잡아주면 허리가 일자로 보여요ㅠㅠ 그래서 살짝 삐뚤하게? 입어야 조금 나음ㅎㅎ
JKA9pq8x,,24.11.24,네이비,FREE,정사이즈예요,아주 만족해요,화면과 비슷해요,164cm,55kg,상의 55,색이랑 디자인이랑 너무 맘에 들어요! 근데 좀 아쉬운건 밑단을 잘안잡아주면 허리가 일자로 보여요ㅠㅠ 그래서 살짝 삐뚤하게? 입어야 조금 나음ㅎㅎ
CSnrMlxJ,상위 20%,24.11.20,오트밀,FREE,정사이즈예요,아주 만족해요,화면과 비슷해요,,,,"생각보다 재질이 부드럽고 톡톡합니다
기모도 있어서 겨울 내내 잘 입을거 같아요
같이 산 바지랑 입으니 세트 느낌도 나고 아주 맘에드네요"
XEmp8c43,,24.11.13,그레이,FREE,정사이즈예요,아주 만족해요,화면과 비슷해요,163cm,48kg,상의 44,"사이즈 클까봐 걱정했는ㄷ 완전 잘맞아요
그리고 진짜 두껍고 따십니다ㅜㅜ
최고에요 안에 기모? 같은게 좀 묻어나긷하는데
돌돌이 돌리몀 그만입니댜~~ 만족해용"
7bzj0IIx,상위 20%,24.11.07,백메란지,FREE,작아요,보통이에요,화면과 비슷해요,156cm,55kg,상의 55,브이넥 맨투맨을 찾고 있었는데 평점도 좋고 디자인이 마음에 들어 구매하게 되었어요 전체적인 퀄리티는 나쁘지 않아요 근데 생각보다 허리 쪽이 작고 크롭 기장이라 상체가 부해 보여요 팔 부분도 어벙하고 길어서 생각했던 핏이 안나와서 아쉬워요
5uW3GuUD,상위 15%,24.11.07,그레이,FREE,정사이즈예요,아주 만족해요,화면과 비슷해요,159cm,55kg,상의 55,"벨리드 제작 상의만 4벌샀네요,, 기왕 사는 거 제작 상품이 재질도 훨 좋아거 자꾸 찾게 됩니당 색상도 넘 맘에 들고 세탁후에도 기모가 빵빵해요"
성하,상위 30%,24.11.06,그레이,FREE,정사이즈예요,아주 만족해요,화면과 비슷해요,162cm,40kg,상의 44,넘 따뜻할 것 같고 진짜 퀄리티 좋습니다! 너무 예쁘게 잘 입을 거 같아요 안그래도 기모 맨투맨 필요했는데 너무 예쁘고 비싸지 않게 가성비로 잘 산거 같아요 너무 예쁩니다 😝😝
tpdb******,상위 25%,24.10.31,백메란지,FREE,정사이즈예요,보통이에요,화면과 비슷해요,168cm,50kg,상의 55,"어깨가 오버핏은 아니에오 ㅜㅜㅜㅜ
제가 키가 커서 그런건지 ㅠㅠ
마른편인데 흠
먼가 애매하지만 이쁘긴 이뻐용
오래기다린만큼 자주 입을거에옹"
6Wp4qcaA,상위 15%,24.09.11,네이비,FREE,정사이즈예요,보통이에요,화면과 비슷해요,,,,"생각보다 기장이 짧은느낌이에요ㅠㅠ
모델은 박시한느낌인데 실제는 약간 묘하게 핏이 달라요 원단도 쨍한 네이비가 아니고 물빠진듯한 네이비 컬러에요ㅠㅠ
그래도 편하게 입을수잇을거같아요"
R54rN89e,상위 10%,24.02.01,네이비,FREE,정사이즈예요,아주 만족해요,화면과 비슷해요,157cm,48kg,상의 55,안에 양기모라 따뜻하구 부드럽고 따뜻해요 핏은 모델핏보다 조금 작은듯(?)해요 그래도 색도 이쁘고 자수도 마음에들어서 만족해요
eOJb7Up8,상위 15%,25.01.14,백메란지,FREE,정사이즈예요,아주 만족해요,화면과 비슷해요,165cm,63kg,,진짜개조음 깔별로 쟁여도 조을듯 도톰하고 튼튼하고 편하고 걍 착용감 개조음 ㅎㅎ 굿굿 오트밀도 사고싶따 그레이도..
gqCfqkcf,상위 20%,25.01.04,오트밀,FREE,생각보다 커요,아주 만족해요,화면과 비슷해요,155cm,43kg,상의 44,"기모라 진짜 따뜻해요!!! 색감도 그렇고 디자인도 넘 만족스러워요 갈색 바지랑 같이 입으면 찰떡이에요 ㅎㅎ
남색도 구매할게요~~"
eOJb7Up8,상위 15%,25.01.01,네이비,FREE,생각보다 커요,아주 만족해요,화면과 비슷해요,165cm,63kg,,오 개이쁨 탄탄하고 핏도 이쁘고 걍 조음 깔별로 챙기고픔 ㅎㅎ 기장 별로 안길고 딱조은 크롭 품은 약간 오버핏인데 걍 이뿜 굿
wdBRET00,상위 20%,24.12.23,백메란지,FREE,정사이즈예요,보통이에요,화면과 비슷해요,153cm,45kg,,"시보리가 아주 짱짱해요
체격이 왜소해서 그런지 입으면 살짝 덩치 있어 보이더라구요?
그래도 두툼하고 따듯해서 입을만 합니다"
pCVbYlZJ,상위 10%,24.12.19,그레이,FREE,정사이즈예요,보통이에요,화면과 비슷해요,163cm,57kg,상의 55,"네이비사고 넘 조아서 그레이두 샀는데
오트밀도 사고파요.. 그만큼 좋다는뜻
따뜻허고 브이넥이라 목이답답하지않아서 좋아요"
zYzmKULi,상위 15%,24.12.19,네이비,FREE,정사이즈예요,아주 만족해요,화면과 비슷해요,157cm,47kg,상의 44,"옷도 두툼하고 재질이 좋아서 만족합니다
스포티한 디자인이라 평범하지않아서 맘에 들었는데 브이넥이라 목이 답답하지 않아서 더 좋아요"
pCVbYlZJ,상위 10%,24.12.18,네이비,FREE,정사이즈예요,보통이에요,화면과 비슷해요,163cm,57kg,상의 55,"진짜이뿜
그레이도 샀는데 나머지도 사고싶어요ㅠ
핏도넘맘에들고 팔긴거도 좋고 기장도 적당히 짧아서 만족쓰 브이넥이라 더조아"
r08OEPPQ,상위 30%,24.12.10,오트밀,FREE,정사이즈예요,아주 만족해요,화면과 비슷해요,155cm,50kg,상의 55,"배송빨랐어요. 일단 색 넘이쁘고 질이좋네요! 안감기모인건 오고 알았는데 좋아여 핏 넘귀엽네요.
휘뚤마뚤 좋은듯 잘입을께여"
id_i******,상위 10%,24.12.10,백메란지,FREE,정사이즈예요,아주 만족해요,화면과 비슷해요,163cm,55kg,상의 66,직진배송우로 빠르게 받았고 퀄리티 좋아요 겨울에 휘뚜루마뚜루 편히 입을수 있을것 같아요 브이넥이라 답답해보이지도 않아요
7KycwES6,,24.12.09,그레이,FREE,정사이즈예요,아주 만족해요,화면과 비슷해요,160cm,50kg,상의 55,"안에 부들부들한 기모가 너무 좋았구요 색감도 화면이랑 똑같애서 좋았어요
브이넥이라 목은 많이 안 답답할것같아 만족합니당"
QPuxs9To,,24.12.09,그레이,FREE,정사이즈예요,아주 만족해요,화면과 비슷해요,162cm,50kg,상의 55,"브이넥디자인예뻐요 
두께도 도톰하고 부드러워서 겨울내내 잘 입을수있을것같아요
길이도 적당한 크롭이라 귀여워용
잘입을게요"
으으아아아ㅏㄱ각,상위 10%,24.12.07,오트밀,FREE,정사이즈예요,보통이에요,화면과 비슷해요,170cm,55kg,상의 55,"편하게 입기에 좋아요! 첨엔 핏이 좀 이상한가 했는데, 갈색바지랑 입으니까 어벙하니 괜찮아보이네요! 소매도 길고 민족합니다~~"
QwBkcPIq,,24.12.05,그레이,FREE,정사이즈예요,아주 만족해요,화면과 비슷해요,163cm,48kg,상의 44,핏도 예쁘고 배송도 빨라서 너무 좋았고 디자인도 좋아요 따뜻해서 겨울에 잘 입고 다닐 수 있을거같아용 다른색도 살지 고민되네용
FtSaIFsC,,24.11.30,백메란지,FREE,정사이즈예요,보통이에요,화면과 비슷해요,162cm,54kg,상의 55,"V넥이라 디자인 독특하고 좋은데
어깡 되는 핏이에요ㅜㅜ
배 부분도 좀 불룩하게 나오고 옷이 역삼각형 되고 쫌 아쉬워요"
5zeIvnea,상위 20%,24.11.29,백메란지,FREE,정사이즈예요,아주 만족해요,화면과 비슷해요,158cm,55kg,상의 55,직진배송은 다 팔려서 아쉬운 마음으로 일반배송했는데 직진배송보다 더 빨리왔어요!핏도 이쁘고~ 소재도 좋아서 깔별로 사고싶어요!
ljmw******,상위 10%,24.11.24,오트밀,FREE,정사이즈예요,보통이에요,화면과 비슷해요,168cm,56kg,상의 44,키 168기준 허리보다 아주 조금 더 내려오는 정도? 힙은 못가려요! 기모는 빵빵해서 따뜻할 것 같은데 제 키에는 기장이 애매해요 옷은 예쁨
QCIiglwv,상위 25%,24.11.23,네이비,FREE,정사이즈예요,보통이에요,화면과 비슷해요,158cm,52kg,상의 55,"좋아요 기모 뚠뚠하게 있어서 완전따뜻
내의로 티 하나만 입어요 한겨울에 따듯할듯
안에 폴라티나 티 받쳐입어야하긴함 너무파여서"
okpr1Zno,상위 30%,24.11.19,백메란지,FREE,정사이즈예요,아주 만족해요,화면과 비슷해요,160cm,62kg,상의 66,"적당한 핏에 딱 생각하는 그 핏!
적당한 허리선에서 끝나고 너무 파이지도 않아서 막입기 좋은것같아요
색도 이쁘고 올겨울 내 교복"
모용,상위 10%,24.11.07,그레이,FREE,정사이즈예요,아주 만족해요,화면과 비슷해요,200cm 이상,130kg 이상,상의 99 이상,핏이 너무 이뻐요 길이도 너무 길지도 짧지도 않아서 좋고 기모 짱짱해서 겨울에 입기에도 좋아오 팔이랑 밑단 시보리도 튼튼해요
SWdWFtJU,상위 10%,24.11.07,그레이,FREE,정사이즈예요,보통이에요,화면과 비슷해요,164cm,47kg,상의 44,작년에 남색 구매했는데 너무 잘입어서 다른 색 또 구매합니다 핏도 예쁘고 양기모라서 도톰해서 한겨울에 입아더 진짜 따듯하고 예뻐요
BfYCbi8u,,24.11.05,백메란지,FREE,정사이즈예요,보통이에요,화면과 비슷해요,168cm,58kg,상의 55,배송도 빨랐고! 화면과 같은 색상이에요! 안쪽 기모가 넘청 부드러워요!! 따뜻하게 잘 입을 수 있을것 같아요 만족합니다!!
qUDl0eHn,,24.10.24,백메란지,FREE,생각보다 커요,아주 만족해요,화면과 비슷해요,170cm,58kg,상의 55,편하게 입기 딱 좋은거 같아요 ! 안에 기모 제질이라 지금 같은 환절기에도 편하게 입기 편하고 캠핑이나 그런곳 갈때 입었는데 좋아요
4gkr******,,24.03.03,네이비,FREE,정사이즈예요,아주 만족해요,화면과 비슷해요,166cm,56kg,상의 33 이하,22살인 척 하고싶었어요. 지그재그 추천 순에 있어서 별 생각없이 샀는데 저랑 운명이였나봐요. 겨울딥톤이라 때려죽어도 네이비사는데 잘샀어요. 그냥 어깨넓은건데 옷때문에 그렇게 보이는 거라며 핑계대기 좋아요. 추천합니다.
yvOUiFm5,,24.01.07,오트밀,FREE,정사이즈예요,아주 만족해요,화면과 비슷해요,158cm,55kg,상의 55,입자마자 제 최애 맨투맨이 되어부럿슴니다.. 목이 긴편이 아니라서 맨투맨을 입으면 답답해보이는데 이 옷은 브이로 빠져서 진짜 맨투맨 입을때마다 실망했던 저에게 체고의 맨투맨.. 프린팅도 귀엽구 체고입니더
냥냥투,상위 10%,24.01.02,백메란지,FREE,생각보다 커요,아주 만족해요,화면과 비슷해요,160cm,50kg,상의 55,"생각보다 도톰하고 낙낙한게 귀여워요
그레이랑 고민햐다가 오트밀로삿는데
그레이도 사고싶군요..
베이델리 제품들은 아직 몇개 안사봤지만
가걱대비 퀄리티 나쁘지않은거같아
새로운옷 올라올때마다 확인하게되네요ㅋㅋ"
WmpIxVhi,상위 15%,23.12.30,그레이,FREE,정사이즈예요,아주 만족해요,화면과 비슷해요,159cm,52kg,상의 44,직진으로 급하게 구매했는데 진짜 너어어어무 예뻐요ㅠ 맘같아서는 멜란지랑 네이비도 구매하고싶어요옹오ㅠㅠ 집에 회색 브이넥 맨투맨있는데 이게 훨씬 예뻐요 ㅠㅠ 딱 사진이랑 같은 핏이라 완전 힙하고 짱
blwyOCwq,상위 15%,23.12.19,백메란지,FREE,정사이즈예요,아주 만족해요,화면과 비슷해요,153cm,57kg,상의 55,최근에 산 상의중에 젤 맘에드는듯….ㄷㄷㄷ 핏 아방하고 귀엽고 (많이 아방한핏 아님) 그런데도 허리 살짝 잡아주고!! 따뜻하고 편하고 브이넥이라서 안답답해보임 ㅠㅠㅠ 너무 잘산거같음 줄이 블랙인줄알았는데 살짝 네이비여서 아쉽지만 티 하나도 안나고 그냥 개이쁨
soyu****,,23.12.15,오트밀,FREE,정사이즈예요,아주 만족해요,화면과 비슷해요,163cm,56kg,상의 66,제가 덩치가 좀 있는 편인네 커퍼를 잘 해주는 핏인거 같아요. 재질도 짱짱한거 같고 휘뚜루마뚜루 잘 입고 다닐것 같습니다!! A라인 치마랑 매치해서 입어도 이쁠것 같아요
Y2zsTGAS,,23.12.09,오트밀,FREE,생각보다 커요,보통이에요,화면과 비슷해요,164cm,44kg,상의 55,"오트밀/브라운 배색 너모 기여워 죽게떠요,, 
처음 왔을 때는 옷에 먼지가 많아서 코가 간지러웠는데 옷이 귀여워서 감수하고 입을만해요!
소재는,, 신축성 좋은 편은 아닌 것 같아요
소매랑 밑단 시보리 부분이 금방 늘어날 것 같은 느낌? 근데 늘어나면 또 사고싶을 만큼 마움에 들어요!"
7z2ngslk,,23.12.07,백메란지,FREE,생각보다 커요,보통이에요,화면보다 밝아요,161cm,52kg,상의 66,화면에 본거와똑같고ㅎ 품은큰데 목부분은 정사이즈라 입기좋아요ㅎ캐주얼하게 따뜻하게 입을수있는 기모맨투맨입니다~ 아직이날씨에는 안에암것도안입고입어도 따뜻해요
b3EplhQP,상위 25%,24.12.19,네이비,FREE,정사이즈예요,아주 만족해요,화면과 비슷해요,167cm,66kg,상의 66,"아마 제 애착템이 되지 않을까 싶습니다. 너무 이뻐요 
어디든 매칭하기 좋고 뭔가 더 여리여리해 보인달까..?? 진짜 그레이도 사길 너무 잘했잖아요 ㅠㅠ"
hJe24MqE,상위 15%,24.12.11,오트밀,FREE,생각보다 커요,아주 만족해요,화면과 비슷해요,158cm,46kg,상의 44,"생각보다 사이즈가 크더라고요 ㅋㅋ 팔도 길어서 엄청 펄럭 펄럭 다닐 수 있지만 걷으면 시보리때문에 내려오지 않아 불편함 없이 괜찮았습니다
요새 이런 살짝 스포티한느낌의 옷이 끌려서 자꾸 보게 되어서 하나 구매한 건데 아주 만족스런 선택입니당 ㅎㅎ"
FVMKw7kG,,24.12.05,네이비,FREE,정사이즈예요,보통이에요,화면과 비슷해요,160cm,56kg,상의 55,너무 귀여워요 ㅋㅋ 안에 기모도 있어서 따뜻하게 잘 입을 수 있을 것 같아요 그리고 되게 편하구요 네이비 색상이라 어디에든 잘 어울리네요
HP3ypUyy,상위 15%,24.11.27,그레이,FREE,정사이즈예요,아주 만족해요,화면과 비슷해요,158cm,50kg,상의 55,기대 이상으로 예뻐요. 그리고 엄청 따뜻합니다. 스포티하면서 그렇다고 너무 힙한게 아닌 여성스러우면서 스포티하고 단정한 느낌이어서 너무 좋아용!!
0425******,,24.11.26,오트밀,FREE,정사이즈예요,보통이에요,화면과 비슷해요,162cm,49kg,상의 55,이쁜데 뭔가 묘하게 덩치있어보여요 상체가 마른편이고 어깨도 좁은데 뭐랄까 굉장히 어깨가 넓어보이는느낌..? 뭐 나쁘지않아요 그치만 속에 기모도 너무 날리고 질이 그렇게좋은거같진 않네요
s6ta1DXB,상위 1%,24.10.07,네이비,FREE,정사이즈예요,보통이에요,화면과 비슷해요,172cm,58kg,상의 55,팔이 길고 어깨가 넓은 편이라 그런지 소매 길이가 넉넉하지 않고 핏이 이상해서 키 160인 지인한테 줬더니 모델 핏이네요😂 옷은 재질 튼튼하고 좋으니 체형 고려하셔서 구매하시면 좋을 것 같아요!
thf2***,상위 10%,24.08.10,네이비,FREE,정사이즈예요,보통이에요,화면과 비슷해요,,,,"사이즈도 적당히 넉넉하고 좋아요. 키 171기준 살짝 짧긴 한데 귀여운 맛으로 크롭으로 입기 좋은 듯해요! 근데 살짝 어깡돼서 아쉽,,그래도 디자인이 귀여워서 품고갑니다"
ycgUoAE5,,24.04.01,네이비,FREE,정사이즈예요,아주 만족해요,화면과 비슷해요,,,,"길이가 길진않고 허리까지옵니다~
디자인도 이쁘고 브이넥이 개인적으로 맘에들어용
요즘 낮엔 더워도 저녁엔 추운데
간절기때도 살짝 쌀쌀해지면 입어도될거같아요~"
6Ia88Lxh,,24.03.28,그레이,FREE,정사이즈예요,아주 만족해요,화면과 비슷해요,165cm,53kg,상의 55,"화면이랑 똑같아요 냄새도 없고 두툼해서 퀄리티 좋아요
흐물하고 얇은 두께 아니고 소매부분도 엄청 짱짱 탄탄해서 빨리 늘어날 걱정은 안해도 될거같아요"
aZ7ewZn1,,24.03.05,네이비,FREE,정사이즈예요,아주 만족해요,화면과 비슷해요,,,,데일리템으로 자주 입을 수 있을 것 같아서 색별로 샀습니다 :) 하루만에 배송와서 개강에 맞춰 입을 수 있었어요 ! 빠른배송 최고 ㅠㅠㅠ 안감이 보들보들하니 부드럽고 좋아요
aZ7ewZn1,,24.03.05,그레이,FREE,정사이즈예요,아주 만족해요,화면과 비슷해요,,,,데일리템으로 자주 입을 수 있을 것 같아서 색별로 샀습니다 :) 하루만에 배송와서 개강에 맞춰 입을 수 있었어요 ! 빠른배송 최고 ㅠㅠㅠ 안감이 보들보들하니 부드럽고 좋아요
vHA6S8jI,,24.02.29,그레이,FREE,생각보다 커요,아주 만족해요,화면과 비슷해요,157cm,50kg,상의 55,"아방하니 딱 좋은 핏감이에요! 옆에 배색라인이 너무 예쁘고 컬러감도 너무 예뻤어요 ㅎ
두께감도 지금처럼 간절기에 단독으로 입기에도 너무 예쁩니다 ㅎ"
rsdNmvSK,상위 10%,24.02.29,백메란지,FREE,정사이즈예요,아주 만족해요,화면과 비슷해요,164cm,53kg,상의 55,"이 가격에 이 디자인이라니 그냥 최고에요
길이 품 다 만족스러워요! 브이넥도 부담스럽지 않아요
다른색상도 사고싶어요! 치마랑도 잘어울려요"
4IcaY9Bj,,24.02.23,네이비,FREE,정사이즈예요,아주 만족해요,화면과 비슷해요,159cm,50kg,상의 55,편하고 예쁘게 입기 너무 좋아요!! 사이즈도 딱 맞구 브이넥이라 완전 편하게 입은 것 같지도 않은? 여튼 꾸안꾸로 하고 다닐 수 있어 좋은것 같아요 색깔도 부담없구
pkMQaRRY,상위 30%,24.02.22,백메란지,FREE,정사이즈예요,보통이에요,화면과 비슷해요,160cm,63kg,상의 66,신축성은 없어요 50kg 언더인 사람이 입으면 예쁠 것 같네요 핏이 나쁘진않은데 살 빼야할듯요ㅋ 그래도 기장도 예쁘고 색감도 괜찮네요
tUgZXrlC,,24.02.22,오트밀,FREE,정사이즈예요,아주 만족해요,화면과 비슷해요,162cm,53kg,상의 55,"생각보다 밑에 시보리가 강해서 짧은 느낌은 나는데 그래도 예뻐요
재질 탄탄하고 색도 예쁘고!! 웜톤에게 딱 맞는 오트밀 색입니다 ㅎㅎ"
ansa****,상위 20%,24.02.21,오트밀,FREE,정사이즈예요,아주 만족해요,화면과 비슷해요,163cm,56kg,상의 66,그레이색으로 구매후 너무 맘에들어서 베이지색도 재구매했습니다! 날씨풀리고 치마랑 입어도 귀여울것같아요!! 가격대가 좀 있지만 그만큼 퀄리티 좋아요!! 꼭 사세용
콤콩콩,,24.02.18,오트밀,FREE,생각보다 커요,아주 만족해요,화면과 비슷해요,163cm,44kg,상의 44,후기 사진보고 너무 빨간(?) 프린팅일까봐 걱정했는데 진한 갈색 느낌이네용 핏은 완전 오버핏 벙벙한 핏이에용 롱스커트랑 입어도 예뿌네여
pzOwI639,,24.02.16,네이비,FREE,생각보다 커요,아주 만족해요,화면과 비슷해요,168cm,47kg,상의 44,디자인 귀여워요 부들부들 기모 꽈꽉들어잇어요 다만 단점은 먼지 잘붙고 티가 잘나요 그거말고는 바지 치마 어떻게 입냐에 따라 귀엽거나 스포티하게 다양하게 코디할수있을거같아 좋아요
kWXcCmmd,상위 15%,24.02.16,네이비,FREE,생각보다 커요,아주 만족해요,화면과 비슷해요,165cm,50kg,상의 44,안에 기모도 뽀송하게 있고 가격대비 퀄리티 좋아요 핏도 예쁘고 맘에 듭ㄴ다 지금부터 봄까지 잘 입을게용 다른 색도 사고싶어요 다들 사세요~!
kptn3naz,,24.02.15,백메란지,FREE,정사이즈예요,아주 만족해요,화면과 비슷해요,170cm,50kg,상의 66,예뻐요 ㅠㅠ 진짜로 배송도 직진배송이라 바로 다음날 받았고요 디자인도 사진그대로요 입으면 핏 정말 좋아요근데 길이는 170기준으로 짧네요 그렇지만 만족해요 이뿌님가 다들 사세요
nOUvUFRd,상위 30%,24.02.14,오트밀,FREE,정사이즈예요,아주 만족해요,화면과 비슷해요,164cm,47kg,상의 55,자수프린팅도 짱짱하고 옷 퀄리티 되게 좋네영ㅎㅎ 마감도 잘되어있고 브이넥도 적당히 파여있어서 예뻐요! 다른색도 사고싶을정도 ㅎㅎ기장감도 적당해요
7lU6HbFk,상위 20%,24.02.12,백메란지,FREE,생각보다 커요,보통이에요,화면과 비슷해요,156cm,45kg,상의 44,"귀여워서 구매했는데 생각보다 어깨랑 팔 통이 너어어어어무 커서 핏은 안예뻐요ㅠ 힘 있는 소재라 내 맘대로 핏 잡기가 어렵습니당,,, 언니가 럭비선수 같다 그랬음🥲"
Z6ehkJVO,,24.02.10,오트밀,FREE,정사이즈예요,아주 만족해요,화면과 비슷해요,166cm,53kg,상의 55,"브이넥은 목을 길아보이게하고 더 얼굴이 슬림해보여서 좋아요
먄투먄 제질도 양기모라서 완전 따듯하고 기장감도 너무 크롭 아니여서 좋아요!"
mich******,상위 20%,24.02.07,오트밀,FREE,생각보다 커요,보통이에요,화면과 비슷해요,163cm,49kg,상의 55,"옷이 통도 크고 팔 길이도 긴데 옷 총장은 긴편이 아니라서 상체가 약간 부해보이는 핏이에요,, 그래도 브이넥이고 색이 예뻐서 입으려구요 양기모 따뜻해요"
XqjDOCGq,,24.02.06,오트밀,FREE,생각보다 커요,아주 만족해요,화면과 비슷해요,158cm,49kg,상의 55,배송 빠르게 잘 왔구요! 가격대비 퀄리티 좋아요 무난하게 매치해서 입기 좋아요! 소재도 좋아요 만족합니다 잘 입겠습니다! 많이 파세요~
CuE84zF0,상위 10%,24.02.03,백메란지,FREE,정사이즈예요,아주 만족해요,화면과 비슷해요,170cm,58kg,상의 66,"키170에 상의는 55입어요
얼굴 쿨톤인데 그레이 잘받네요~
사이즈 너무 박시하지도 않고
원단 탄탄해서 부해보이지 않고
잘 잡아줘요~
스커트나 팬츠다 잘어울려서 좋아요~"
AiS6rcL7,,24.01.31,그레이,FREE,정사이즈예요,아주 만족해요,화면과 비슷해요,167cm,51kg,상의 55,너무너무 마음에 들어요 ㅎㅎ 일단 입었을때 따뜻하고 소재가 단단하다는 느낌이 들어요 길이도 딱 좋고 핏 예쁩니다😙 자주 입을거같아요 ㅎㅎ
6RSJBL8g,상위 20%,24.01.30,네이비,FREE,정사이즈예요,아주 만족해요,화면과 비슷해요,173cm,55kg,상의 77,"만족 만족 대만족이요 브이넥도 깊게 파이지 않아서 부담 스럽지 않고 기모도 넘 만족이에요 ㅠ 
세탁 하고 나서 보풀나올지는 모르겠지만 먼지는 많이 묻을것 같긴해요"
qCexJULV,상위 30%,24.01.26,네이비,FREE,정사이즈예요,아주 만족해요,화면과 비슷해요,162cm,46kg,상의 44,네이비색 진짜 너무 예뻐요 !!! 영하 기온에 입어도 너무 따뜻하고 핏도 아방하니 최고입니당 배송도 빨라서 필요할때 바로입었습니다 !!
EclksUvA,상위 15%,24.01.26,그레이,FREE,생각보다 커요,아주 만족해요,화면과 비슷해요,165cm,68kg,상의 55,"원플원으로 네이비 하나 그래이 하나샀는데
휘뚜루 마뚜루 입으면서 따숩고 이쁘게 겨울 잘 보낼듯 합니다~!
박시한 핏이라 통통이인 저도 편하게 잘 입고다닐거같아용"
EclksUvA,상위 15%,24.01.26,네이비,FREE,생각보다 커요,아주 만족해요,화면과 비슷해요,165cm,68kg,상의 55,"도텀하니 아주 퀄리티 짱!!
따숩게 입으먄서 스타일도 챙기고 좋은데요??
옷은 사진처럼 엄청 박시한 핏이라 넉넉히 입을수 있구용
저처럼 통통이도 알맞게 드가용!!"
tHynDbYL,,24.01.25,오트밀,FREE,정사이즈예요,보통이에요,화면과 비슷해요,168cm,61kg,상의 55,"딱 옷 소매길이는 적당해서 너무 좋았어요! 
근데 옷 입는데 스판끼가 없어서 좀 불편했어요
퀼리티랑 옷 디자인 보면 진짜 이뻐요"
JruqRLI8,,24.01.22,네이비,FREE,생각보다 커요,아주 만족해요,화면과 비슷해요,167cm,59kg,상의 55,생각보다 길이가 크롭은 아니고 일반적인 기장인데 예뻐요! 평소 오버핏을 선호한다면 구매로 직행하시면 됩니다..! 촉감 부들부들하고 가벼워요
PffSqovO,,24.01.21,오트밀,FREE,정사이즈예요,보통이에요,화면과 비슷해요,170cm,49kg,상의 44,"조금 더 낙낙한 핏이였으면 더 예쁠 것 같아요
옷은 크롭핏에 퀄리티는 좋네요^^

비슷한 스타일 많기는 한데 세일 기간에 그래도 잘 산 것 같아요 소매가 긴게 마음에 들어요"
CPMoBYqO,,24.01.20,오트밀,FREE,정사이즈예요,아주 만족해요,화면과 비슷해요,160cm,62kg,상의 66,어깡 될것같아서 걱정했는데 막상입으니 너무 귀엽고 이쁘네여..기모도 맘에 들고 자수퀄리티도 좋아요!! 더 입어봐야 알것같지만 맘에듭니당
2g7TWBet,,24.01.17,네이비,FREE,정사이즈예요,아주 만족해요,화면과 비슷해요,160cm,63kg,상의 66,길이는 생각보다 조금 짧은데 탄탄하고 질이 좋아요! 브이넥이라 답답하지도 않고 더 예쁜 것 같아요~~ 한번 세탁하고 건조기 돌리니 먼지는 제법 많이 떨어지더라구요
MUpAGAzf,,25.01.10,Navy,FREE,정사이즈예요,아주 만족해요,화면과 비슷해요,172cm,52kg,상의 55,옷이 너무 예뻐서 놀랬어요…! 진짜 강추에요! ㅊ핏도 딱 맞고 소매도 길고 기모도 적당히 있어서 춥지 않아요! ㅎㅎ 잘입을개요
ZFfzJAUJ,상위 25%,25.01.05,그레이,FREE,정사이즈예요,보통이에요,화면과 비슷해요,163cm,56kg,상의 55,"양기모라 따뜻하고 , 옷 디자인 자체는 딱 예뻐요 !
근데 안쪽에 보풀같은게 일어나네요 안쪽이라 안보여서 다행이에요 ~! 이거말고는 모두 만족스러워요 구매 추천합니다"
KfS3ENec,상위 10%,25.01.04,오트밀,FREE,정사이즈예요,보통이에요,화면과 비슷해요,169cm,60kg,상의 55,옷이 정사이즈예요 약간 널널했으면 더 좋았을꺼같아요 작진않아서 그냥입어요 팔이 길어서 남았어요 그리고 어깨 깡패처럼 보여여 색은 이쁘고 부드럽습니다
C0OREWmk,,24.12.24,그레이,FREE,생각보다 커요,아주 만족해요,화면과 비슷해요,,,,아주 사아알짝 고릴라 핏이긴 하나 다듬어서 입으면 예뻐여 기장도 원하던 기장이구 벙벙하니 이쁩니다 ㅎ 여기 모자쓰면 최공
kian*****,,24.12.24,네이비,FREE,정사이즈예요,보통이에요,화면과 비슷해요,,,,제가 생각했던 핏은 아니라 당황했지만 그래도 재질이 탄탄해서 빨아도 변형은 안될것같네요~! 기모도 있어서 만족합니다
4tzoRDFz,,24.12.17,네이비,FREE,정사이즈예요,보통이에요,화면과 비슷해요,159cm,48kg,상의 55,약간 크롭인거같아요 디자인 이쁘고 두께감도 두꺼워서 따뜻해요 아토피가 잇는데도 불구하고 재질 만족해오 그리고 색도 이쁘고 배송이 빨라서 만족핮니다
CRrOEyf9,상위 20%,24.12.10,네이비,FREE,정사이즈예요,보통이에요,화면과 비슷해요,163cm,50kg,상의 55,배송도 빠르고 포장 뜯어보니 제품 질도 좋고 색상도 무난해서 오래 입을 수 있을 것 같아요 잘 입겠습니다 많이 파세요~ㅎㅎ
yjf0Fq9r,상위 15%,24.12.09,네이비,FREE,정사이즈예요,아주 만족해요,화면과 비슷해요,162cm,56kg,상의 55,믿고 사는 베이델리 제품❤️ 스포티함 낭낭하고 안에 기모도 정말 부들거려서 단독으로 입어도 까슬거림 없고 완전 따듯합니다!!
EPmpAaCx,,24.12.06,그레이,FREE,생각보다 커요,아주 만족해요,화면과 비슷해요,162cm,54kg,상의 55,재질 너무 좋아여!! 다만 어깨가 너무 커서 입을때 조금 애매하긴해여!! 근데 진짜 재질굿 완전따뜻해여ㅎㅎ 브리넥이라서 좀 더 여성스럽숩니당ㅎㅎ
HCEzZCPB,,24.11.30,오트밀,FREE,생각보다 커요,아주 만족해요,화면과 비슷해요,160cm,62kg,상의 66,"66 통통이도 예쁘게 입을 수 있는 사이즈에요!
완전 낙낙한 스타일이 아니라 적당히 여유있는 핏이라 부해보이지 않고 예쁩니다 ㅎㅎ
기모도 부들하고 퀄리티 좋아요!"
gmiZrwml,,24.11.30,그레이,FREE,정사이즈예요,아주 만족해요,화면과 비슷해요,,,,"너무예쁜거같아요!!
처음보자마자 구매했네요~~
브이넥이라서 추울거같기도했는데
기모라서 따뜻하게 입을수있을거같아요
배송도빠르고 만족합니당~^^"
Hir8a1j2,상위 10%,24.11.27,오트밀,FREE,생각보다 커요,아주 만족해요,화면과 비슷해요,155cm,,,체구가 작은 저한텐 소매가 조금 길지만 접어서 입으면 예뻐요 안감 기모가 있어 따뜻하지만 이너티에 털이 많이 붙긴 하더라구요ㅠ
0urhdvWe,,24.11.23,백메란지,FREE,생각보다 커요,아주 만족해요,화면과 비슷해요,164cm,63kg,상의 55,방방하게 떨어지고 예뻐요! 오버핏이라 조금 부해보이긴한데 입다보면 질잡혀서 괜찮을꺼같아요ㅎㅎ 맨투맨 보다는 기본티를 잘 입는 편인데 예뻐서 자주입을꺼같아요
rkdr******,,24.11.22,네이비,FREE,정사이즈예요,아주 만족해요,화면과 비슷해요,166cm,60kg,상의 77,"겉에도 따뜻 안에도 따뜻 진짜 한겨울도 버틸거같아요 
색도 이뻐서 다른색도 구매할까 고민중 
크롭으로 되있어서 더만족해요"
D2mojHAK,,24.11.21,백메란지,FREE,정사이즈예요,아주 만족해요,화면과 비슷해요,161cm,55kg,상의 55,핏 완전 넉넉하고 흐물한 재질의 맨투맨이 아니라서 너무 만족스러워요 휘뚜루마뚜루로 입고 다닐 수 있을거 같아유 최고입니다
ORTyHNYh,,24.11.20,네이비,FREE,생각보다 커요,아주 만족해요,화면과 비슷해요,168cm,53kg,상의 55,너무이뻐여 !! 적당히 박시하면서 핏도이쁘고 안에 얇은 기모? 느낌이라 잘입을거같ㅇ요 ㅎ 제 키에 길이감도 적당합니당
mlBsMQOb,,24.11.19,백메란지,FREE,생각보다 커요,아주 만족해요,화면과 비슷해요,165cm,50kg,상의 44,퀄리티 굿입니다 기모라 지금부터 패딩안에 받쳐입을라구용 디자인도 예쁘고 휘뚜루미뚜루입니당 직진배송으로 바로 받을수있어서 좋아용
5oS1PDpU,상위 25%,24.11.14,오트밀,FREE,정사이즈예요,아주 만족해요,화면과 비슷해요,169cm,62kg,상의 55,"사진이랑 똑같아요 이쁘고 따뜻하고 부드럽고 딱 원하던 길이에 ㅎㅎ 편해서 자주 입게되요ㅋㅋ완전 강추에요!!!!
고민ㄴㄴ에요"
rOxvu0q8,,24.10.22,백메란지,FREE,작아요,보통이에요,화면과 비슷해요,160cm,70kg,상의 66,"상체 통통하시고 가슴 크신분들은 모델핏 안나옴 ㅠ
날씬한언니들한테나 오버핏느낌일듯 ㅠ 구래듀 디자인이랑 퀄 훌륭함 ! 살빼서 이쁘게 입어야징..총총"
SK46D8G0,상위 20%,24.10.06,네이비,FREE,정사이즈예요,아주 만족해요,화면과 비슷해요,168cm,50kg,상의 55,"기모라 따뜻하고 핏도 생각했던 그대로예요!
팔 기장이 넉넉히 길어서 좋고 
브이넥도 너무 깊거나 짧지 않고 딱좋네요!!"
vvvnx,,24.02.09,오트밀,FREE,작아요,아주 만족해요,화면과 비슷해요,164cm,52kg,상의 55,"맨투맨이라서 폭닥한 느낌 생각하고 샀는데 생각보다 아주 사알짝 딱 맞는? 느낌이라 조금 폭닥한 느낌이 덜 한 것 같아요! 그래도 귀엽게 잘 맞아요ㅎ
키 작으신 분들은 제가 상상한 그대로의 핏일것같아요
잘입고 있습니다ㅎㅎ 추천이에요"
QnxZR1sy,,23.12.03,오트밀,FREE,생각보다 커요,아주 만족해요,화면과 비슷해요,,,,"인스타에서 보고 너무 예뻐서 업뎃된 날 바로 구입했어용 근데 사이즈는 생각했던 것 보다 크고 팔 소매도 길었어서 이 부분 참고 하시면 좋을 것 같아요
양기모라 따뜻하긴 해서 안에 이너티 입고 입으면 따듯하게 입을 수 있을것 같아요!"
Soru,상위 25%,24.12.03,백메란지,FREE,정사이즈예요,아주 만족해요,화면과 비슷해요,154cm,74kg,상의 77,"옷 진짜 너무 귀여워요!!
요즘에 살쪄서 모델 언니같은 핏은 아니지만🥹
옷은 정말 맘에 들어요~~
밑단 사보리도 찡짱해서 오래 입을 수 있을 거 같아용"
만두밍키,,24.11.27,오트밀,FREE,정사이즈예요,아주 만족해요,화면과 비슷해요,159cm,49kg,상의 55,"꽤 기엽게생겨서 마음에 들어요 잘 입고다닐거같아용
길이가 너무 길거나 너무 어벙하지 않아서 마음에 들어요 아방한핏이긴 한데 딱 폼은 잡아주는 정도!"
ckwkfLRS,,24.11.19,그레이,FREE,정사이즈예요,아주 만족해요,화면과 비슷해요,167cm,53kg,상의 55,부드럽고 핏도괜찮고 따뜻하고 휘뚜루마뚜루 딱좋아요!!!ㅎㅎ강력추천이용 짱이쁨요오 딴색도 사고싶어용!!ㅋ
ZIIXIppI,상위 25%,24.11.05,네이비,FREE,정사이즈예요,아주 만족해요,화면과 비슷해요,164cm,55kg,상의 66,일단 디자인이 너무 예뻐서 구매를 했어요 역시 실물이 훨씬 더 마음에 들고 착용감도 너무 좋고 이번 쇼핑을 잘 살건 같아요 굿굿 완전 추천합니다 다들 제발 사세요 ㅎ
Gp190n16,,24.03.20,네이비,FREE,작아요,아주 만족해요,화면과 비슷해요,161cm,63kg,상의 66,재질이 좋고 색감도 이뻐요!! 크롭 기장도 많이 짧지 않아서 좋은데 생각보다 시보리가 짱짱하고 스판기가 적고 오버핏 느낌은 아니라서 바스트 있는 분들한텐 좀 들러붙어용 그래도 이쁩니닽
OcfoK6It,,24.03.14,네이비,FREE,정사이즈예요,보통이에요,화면과 비슷해요,,,,안에 기모 있어서 폭신 폭신 초봄에 입고 나가기 좋아요 디자인도 예쁘고 삼만원 쯤에 샀는데 털이랑 입고다니기 좋은 점 생각하면 잘산듯
gYU32k2l,,24.03.09,오트밀,FREE,정사이즈예요,아주 만족해요,화면과 비슷해요,161cm,55kg,상의 55,엥 개이뻐요 원단이랑 디자인 넘 맘에들어서 하나더살까 고민중인데 기모땜에 날풀리면 더우니 .. 참을까고민중에여 브라운 넘 조아하는데 제 취저에여 밑에 브라운바지랑도 잘어울림
happ******,상위 5%,24.02.15,네이비,FREE,정사이즈예요,아주 만족해요,화면과 비슷해요,152cm,42kg,상의 44,"세탁 후 목 부분이 좀 늘어나긴 하지만
기모도 부들뷰들하고 사이즈도 낙낙해서 좋아용
기장이 생각보다 길더라구용 할인 할 때 사서
아주아주 잘 입고있오요"
happ******,상위 5%,24.02.15,백메란지,FREE,정사이즈예요,아주 만족해요,화면과 비슷해요,152cm,42kg,상의 44,"세탁 후 목 부분이 좀 늘어나긴 하지만
기모도 부들뷰들하고 사이즈도 낙낙해서 좋아용
기장이 생각보다 길더라구용 할인 할 때 사서
아주아주 잘 입고있오요"
불다람쥐,,24.01.31,오트밀,FREE,생각보다 커요,아주 만족해요,화면과 비슷해요,158cm,49kg,상의 44,"기모 두툼해서 따뜻해요
재질도 탄탄해서 잘 안 늘어 날 것 같아요
다만 드롭숄더라인이라 어깨가 많이 넓어보여서..
어깨가 살짝 있는 저로서는 어깡으로 만들어줘요ㅠ
팔라인에 선있고 스포티한 느낌 나는 디자인은 마음에 듭니다"
불다람쥐,,24.01.31,백메란지,FREE,생각보다 커요,아주 만족해요,화면과 비슷해요,158cm,49kg,상의 44,"기모 두툼해서 따뜻해요
재질도 탄탄해서 잘 안 늘어 날 것 같아요
다만 드롭숄더라인이라 어깨가 많이 넓어보여서..
어깨가 살짝 있는 저로서는 어깡으로 만들어줘요ㅠ
팔라인에 선있고 스포티한 느낌 나는 디자인은 마음에 듭니다"
Pnx1O184,,24.01.28,백메란지,FREE,정사이즈예요,아주 만족해요,화면과 비슷해요,150cm,48kg,상의 44,길이가 살짝 어중간… 했지만 잘 입고 다녔아요‘!! 기모라서 따뜻하고 브이넥이라서 좋아요 급하게 산 거였는데 마음에 들어서 잘 입고 다녔숩니다
UGtnwQGD,,24.01.24,백메란지,FREE,정사이즈예요,보통이에요,화면과 비슷해요,160cm,50kg,상의 55,"핏이 딱 좋고 이뻐요! 
길이도 많이 안길고 양기모에 따뜻함까지 ~
백육십삼에 사십 팔키로 인데 길이 딱 좋아요
다음에 또 애용하겠습니다~"
ko98****,,24.01.22,백메란지,FREE,정사이즈예요,보통이에요,화면과 비슷해요,162cm,55kg,상의 55,배송 진짜 칼배송이네요 …… 맘에듭니당 아무때나 편하게 여기저기 잘 입어질거같아요 만족 ! ✊🏻🩷✊🏻🌨️zz 다른색도 이쁠거같아요
HFjV2PlN,,24.01.21,네이비,FREE,정사이즈예요,아주 만족해요,화면과 비슷해요,168cm,65kg,상의 55,만족스럽습니다 다른 제품과 같이 주문했는데 빠르게 배송되는 제품부터 배송해주신부분도 좋구 ~~~ 생각보다 퀄리티도 넘 좋고 예뿌네요오 ~~~~ 바이델리 자주 이용할거같아요
daURCzvo,,24.01.14,그레이,FREE,정사이즈예요,아주 만족해요,화면과 비슷해요,158cm,50kg,상의 55,폭닥폭닥 하고 핏 너무 이뻐요 아방한 핏이라 그런지 살짝 여리여리해보이고 밑단 짱짱해요 기장도 핏도 넘넘 만족합니당 휘뚤마뚤 입기 좋을듯
GVhqH5j4,상위 10%,24.01.14,오트밀,FREE,생각보다 커요,아주 만족해요,화면과 비슷해요,168cm,56kg,상의 55,"맨투맨은 목이 짧아보이고 덩치가 있어보여서 잘 안입는 편인데 이건 브이넥이라서 목도 길어보이고 덩치 커보이는 느낌도 없어서 아주 잘입구 있습니다 색감도 웜톤한테
딱이라서 더 좋아요"
졔인,,24.01.13,오트밀,FREE,정사이즈예요,아주 만족해요,화면과 비슷해요,150cm,32kg,상의 33 이하,겨울용 맨투맨이 급하게 필요해서 구매 했는데 너무 예쁜데 퀄리티까지 좋아요!! 색감도 상세 페이지와 동일하고 핏이 너무 예뻐서 만족합니다🫶🏻
9EWaRsEe,상위 25%,24.01.12,백메란지,FREE,정사이즈예요,아주 만족해요,화면과 비슷해요,,,,배송 완전 빨랐습니다. 위 아래 세트로 구매 했는데 너무 맘에 드네요 길이도 두깨도 적당해서 좋고 안감이 따뜻한 재질이라 잘 입을거 같아오
TvMzG0cg,,24.01.11,백메란지,FREE,생각보다 커요,아주 만족해요,화면과 비슷해요,158cm,50kg,상의 55,"원단 톡톡하고 완전 마음에 들어요
팔이 살짝 긴 거 같지만 그 외의 모든 것이 좋습니다 잘입을게요 다른색도 살까봐요 막 소장욕이 듭니다"
C5HYT6kW,,24.01.09,백메란지,FREE,정사이즈예요,아주 만족해요,화면과 비슷해요,165cm,60kg,상의 66,너무 기엽고 도톰해서 만족합니다 멜란지에 약간 네이비색 글씨라 이뻐요! 브이라인이 엄청깊진않은데 맨투맨 소재자체가 파임이 벌어질수있으니 이너입는것이 좋겠어요
ck4zdodz,,24.01.09,네이비,FREE,정사이즈예요,아주 만족해요,화면과 비슷해요,161cm,60kg,상의 55,꼭꼭 사세요!! 사진은 좀 희끗희끗하게 나왔는데 실제로보면 선명한 네이비색깔입니다! 길이는 너무 짧지도 길지도 않은 딱 좋은 세미크롭기장이고 핏이 진짜예뻐요
SBxThxld,,24.01.08,오트밀,FREE,정사이즈예요,아주 만족해요,화면과 비슷해요,158cm,53kg,상의 55,기모도 도톰하고 질도 좋아요 22살 된거 같고 더 좋네용 배송은 좀 걸럈어요 ㅠㅠ 시보리가 강해 통은 넓은데 막 흘러내리거나 그런 옷은 아니에용
uyP9lcwP,상위 20%,24.01.03,오트밀,FREE,생각보다 커요,보통이에요,화면과 비슷해요,160cm,43kg,상의 44,"색도 예쁘고 기장도 괜찮은데 팔이 넘 길어요
팔이 길어서 아쉬운데 생각보다는 괜찮아요
체구가 작은편이라 폼이 커보입니다
배송은 꽤 빨랐습니다"
tftNlpPk,상위 25%,24.01.01,네이비,FREE,정사이즈예요,아주 만족해요,화면과 비슷해요,160cm,38kg,상의 33 이하,생각보다 퀄리티가 좋아서 깜짝놀랬어요. 마감도 깔끔하고 소재도 두껍도 따뜻해서 겨울에 잘입을 수 있을것같아요! 배송은 늦었지만..옷은 너무 맘에 들어요!
eu9oGI5o,,23.12.21,네이비,FREE,정사이즈예요,아주 만족해요,화면과 비슷해요,160cm,62kg,상의 66,배송 오래걸렸는데 감안할만큼 이쁘고 퀄리티 진짜 괜찮아요! 입었을때도 부담없는 크롭기장에 도톰한 양기모안감이라 생각보다 엄청 따듯하고 맘에 들어서 다른 컬러도 사려고요!
존노노노,상위 10%,23.12.20,네이비,FREE,정사이즈예요,아주 만족해요,화면과 비슷해요,160cm,50kg,상의 55,네이비랑 백메란지 둘 다 구매 했어요 배송 느리긴 했지만 고지해주셔서 괜찮았고 소재 까슬거리는거 없이 부드럽고 포근해요 손 자주 갈거 같아요!
sUmQ3y0J,,23.12.18,네이비,FREE,정사이즈예요,아주 만족해요,화면과 비슷해요,155cm,43kg,상의 44,옷은 넘넘 이쁜데 넘 오래 기다렸어요....5일날 주문하고 이제받음 ㅠㅠ 취소할까 고민하는데 배송됐고 옷 너무 이뻐요 엄청 따뜻하고 후기에 크다는 말이 많아서 걱정했는데 안커요! 팔은 좀 길다는 느낌이 있기는 한데 오히려 좋아요 ㅎㅎㅎ
으으냥,,23.12.17,그레이,FREE,정사이즈예요,보통이에요,화면과 비슷해요,156cm,45kg,상의 55,너무 맘에 들어요 !‘ㅁ‘ 기모라 따숩고 안감도 보드랍고 팔길이도 널널해서 여리해보리고 넉넉한 핏이에요 오트밀이랑 고민 많이 했는데 오트밀도 구매하려구요
UmKS4pUW,,23.12.06,백메란지,FREE,정사이즈예요,아주 만족해요,화면과 비슷해요,166cm,52kg,상의 55,"배송도 빨랐고 기모도 빵빵해요!! 밑단을 잡아줘서 핏이 너무 이뻤습니다ㅜㅜ 색깔별로 쟁이고 싶어요 ,,! 같이 산 사심조거랑도 얼른 입고싶네욥"
JRKnIEwD,,23.12.06,백메란지,FREE,생각보다 커요,아주 만족해요,화면과 비슷해요,163cm,48kg,상의 44,생각보다 넘 오버핏이라 아쉽지만 ㅠㅠ 퀄리티는 넘 좋습니당! 바지도 언능 왔으면좋겟어요! 163 이하이신분들은 사이즈 체크 제대루하시고 구매하시길!
jFuVM8dh,,25.01.13,네이비,FREE,정사이즈예요,아주 만족해요,화면과 비슷해요,158cm,63kg,,무난무난하게 잘 입고 다닐거 같아요 시보리가 짱짱해서 소매나 허리 밴딩이 꽉 조이긴해요 근데 생각했던거 보다 길이가 짧은게 문제지만.. 잘 입을게요
wjda******,,25.01.11,네이비,FREE,생각보다 커요,보통이에요,화면과 비슷해요,160cm,52kg,상의 55,후드티 안에 기모가 있어서 따뜻하고 이뻐요! 스포티한 느낌도 들고 편하게 입을 수 있을 것 같습니다ㅎㅎ 치마나 바지 둘 다 잘 어울릴거같아용
ZiZf1Xkp,상위 25%,25.01.08,오트밀,FREE,생각보다 커요,아주 만족해요,화면과 비슷해요,153cm,50kg,상의 55,팔길이가 전체 길이에 비해서 조금 긴편이지만 나름 귀여운 느낌이고 색깔이 넘 이뻐여 가을뮤트톤이라서 잘받는거같아요 폭닥해서 넘 따뜻하네요
aDzFUBPY,상위 5%,25.01.05,그레이,FREE,정사이즈예요,보통이에요,화면과 비슷해요,165cm,64kg,상의 66,마음에 듷어요 리뷰가 좋아서 기대한건데 기모도 딱 부드럽게 잘 들어있고 아방방해사 귀엽고 힙합니다 이거야말로 꾸안꾸정서게
fvYqXbws,,24.12.27,그레이,FREE,정사이즈예요,아주 만족해요,화면과 비슷해요,,,,양기모 조거팬츠랑 같이입으려고 샀는데 둘다 양기모라 맨투맨 기모가 바지에 엄청 묻어나서 둘이 같이 절대못입어요...기모 먼지가 엄청 날리는게 아쉽지만 보들보들해서 좋습니다
NZe4vgyf,,24.12.17,백메란지,FREE,생각보다 커요,보통이에요,화면과 비슷해요,165cm,53kg,상의 55,편하게 바지랑 세트로 입기 좋네용! 코디 그래로 구매했더니 휘뚤마뚤 입어져요 ㅎㅎ 넉넉한 사이즈고 엄청 따뜻합니다!
Ijq831tI,,24.12.09,오트밀,FREE,정사이즈예요,아주 만족해요,화면과 비슷해요,158cm,60kg,상의 66,양기모 브라운이랑 세트로 입으려고 샀어요!!ㅎㅎ베이델리 최고ㅠㅠ안쪽기모는 돌돌이 한번 하는게 좋을거같아요 그만큼 두툼해서 따땃함은 기가막힘❤️
XWSeYqRf,,24.12.04,그레이,FREE,정사이즈예요,아주 만족해요,화면과 비슷해요,152cm,47kg,상의 55,"사진이 없어서 대체 이거 완전히 귀여운 맨투맨이다.
그레이로 사길 잘했다 아무런 색이랑 다 잘 어울리는 느낌이라서 아주 만족"
Cgnw03Aq,,24.12.04,그레이,FREE,정사이즈예요,보통이에요,화면과 비슷해요,163cm,57kg,상의 55,"안에 기모가 짱짱합니다~
브이넥인데 따뜻해요ㅋㅋ 크롭이지만 잘 입을수있을거같아요~
너무 이쁩니다! 잘 입을거 같아요"
5FJwHd7s,,24.11.28,그레이,FREE,정사이즈예요,보통이에요,화면과 비슷해요,,,,"안에가 생각보다 두껍고 따뜻해요.
딱 입어봤을 때 대학생 룩 같아 보여서 
좋았어요. 디자인도 이뿌네요. 좋아요~~~"
6tIMnWAs,,24.11.25,네이비,FREE,정사이즈예요,보통이에요,화면과 비슷해요,,,,잘 받았습니다 여행갈 때 입으려고 샀는데 사고나서 직잭 세일기간되어버려서 비싸게 주고산 느낌이예요.. 옷은 괜찮습니다
64FYZilu,상위 30%,24.11.20,오트밀,FREE,생각보다 커요,아주 만족해요,화면과 비슷해요,162cm,55kg,상의 55,맨투맨이 엄청 탄탄하고 재질도 엄청 부들부들하고 좋아요!! 이번겨울 귀엽게 입고댕기기 딱좋습니다 ㅠㅠ다른 색상도 사고싶을 정도예요 ㅠㅠㅠ최고
XqtyeVVw,,24.11.16,그레이,FREE,정사이즈예요,아주 만족해요,화면과 비슷해요,159cm,48kg,상의 44,"백멜란지만 빼고 다샀거든요?
이거 진짜괜찮거든요
재질도좋고
따뜻하고
아방한 핏ㅇㅣ 너무이쁘답니다
그래서 다삿어요 아주만족"
fIZbKImy,상위 20%,24.11.16,백메란지,FREE,정사이즈예요,보통이에요,화면과 비슷해요,,,,색감도 예쁘고 옷도 힘있어서 입으면 태가 예뻤어요. 다만 옷이 좀 짧은 편입니다. 크롭기장 짧은 옷 좋아하시면 강추합니다.
CQgIkc5X,,24.11.14,그레이,FREE,생각보다 커요,아주 만족해요,화면과 비슷해요,,,,어떤 건 밑단 정리가 안되서 어벙한 핏 나와서 맨투맨 잘 안 입었는데 이 맨투맨은 밑단이 딱 잡아줘서 밑부분 정리가 깔끔하게 되서 딱 핏 예쁘게입을 수 있어서 좋네용!!
jHqCILdD,상위 5%,24.09.11,그레이,FREE,정사이즈예요,아주 만족해요,화면과 비슷해요,165cm,56kg,상의 55,짱이뻐요!! 기모라서 아직 못 입지만 담달이면 입을거 같네요~~ 핏 완전 이쁘고 맘에 들어요~ 베이델리는 진짜 최애 입니다
q3Ujaq08,상위 15%,24.09.03,그레이,FREE,정사이즈예요,아주 만족해요,화면과 비슷해요,168cm,50kg,상의 55,여태 구매했던 맨투맨 중에 가장 맘에 들어요!! 색감이나 핏이나 화면 그대로 나옵니다 다릉색상으로도 구매하고 싶네요
pp9z5TEc,,24.04.14,백메란지,FREE,생각보다 커요,아주 만족해요,화면과 비슷해요,150cm,38kg,상의 33 이하,배송이 빨라서 좋았어요 기모소재라 지금 낮에는 조금 더울수 있어도 저녁까지 하나로 보내기 좋아요 빨리 구매했다면 더 좋았을꺼 같아요
10nUdhuB,,24.04.09,네이비,FREE,정사이즈예요,보통이에요,화면과 비슷해요,159cm,58kg,상의 55,실물이 너무 예뻐요!! 살짝 크롭느낌나용!! 색깔고민했는데 다른색상도 사고 싶은 생각들어요!! 기모여서 따뜻하고 좋아용
7a5hKRq3,,24.03.26,백메란지,FREE,정사이즈예요,보통이에요,화면과 비슷해요,163cm,67kg,상의 66,색깔도 이쁘고 따뜻한데 핏이 어정쩡한가 싶으면 이쁘고 뭔가 애매..? 그래도 이것만 입고 다니기 따뜻해요 기장도 적당합니당
pmc9***,,24.03.23,백메란지,FREE,정사이즈예요,아주 만족해요,화면과 비슷해요,167cm,48kg,상의 55,"기모 때문에 좀 있으면 못 입을 거 같아 아쉽지만 넘 예뻐요
완전 여리여리 가오리핏 ….
핏은 박시한테 크롭 기장이라 더 좋아요"
oCA3tIcI,상위 30%,24.03.23,네이비,FREE,생각보다 커요,보통이에요,화면과 비슷해요,168cm,30kg 이하,상의 33 이하,누무 예뻐요~~ 배송도 거의 하루만에 온 것 같아요 색도 이쁘고 이쁘게 잘 입을 수 있을 것 깉아요 질도 엄청 좋은 것 긑아여~~!
8E39Ig0q,,24.03.18,네이비,FREE,생각보다 커요,보통이에요,화면과 비슷해요,160cm,50kg,상의 55,생각보다 크롭한 기장이었지만 시보리도 짱짱하고 팔부분에 하얀 선도 실물이 더 예뻐요 ! 안에 기모도 짱짱하고 만족스러워요
t4uQx8f0,상위 25%,24.03.12,네이비,FREE,정사이즈예요,아주 만족해요,화면과 비슷해요,161cm,48kg,상의 55,"배송빨리와서 좋아용
기모가 들어서 따듯해요 남색이라 휘뚜루마뚜루 아무데나 입을 수 있어서 좋아요 ~~
여기저기 잘입을거같타요"
bNyQkpAD,,24.03.10,네이비,FREE,정사이즈예요,아주 만족해요,화면과 비슷해요,162cm,48kg,상의 44,여행 다녀올때 급하게 구매했는데 길이도 사이즈도 너무 마음에 들어요! 목도 적당히 파여있어서 목이 길어보이고 두께도 마음에 들어요!
loh8***,,24.03.07,네이비,FREE,생각보다 커요,아주 만족해요,화면과 비슷해요,160cm,48kg,상의 44,"퀄리티 진짜 좋고 기모도 빵빵해요
근데 어깨가 너무 넓어보이고 덩치 커뷰이는게 아쉬워요
ㅠㅠ 
그래도 디자인이랑 너무 이뻐용"
DEJ4xSB5,,24.03.05,오트밀,FREE,정사이즈예요,아주 만족해요,화면과 비슷해요,163cm,57kg,상의 55,진짜 따뜻하고 도톰하고 폭닥하니 아주 맘에 들어요! 캐주얼하게 그냥 툭툭입기 좋은 맨투맨! 색도 포근하니 이뻐서 자주 입는중이에요
필릭스용복리,,24.02.28,네이비,FREE,정사이즈예요,아주 만족해요,화면과 비슷해요,153cm,49kg,상의 44,"배송도 빠르고 넘 예뻐요
츄리닝이랑 입어도 예쁘고 상세컷처럼 치마랑 입어도 좋을 것 같아요
가격대비 소재도 좋고 만족스럽습니당"
QFvNEr4C,,24.02.26,네이비,FREE,정사이즈예요,아주 만족해요,화면과 비슷해요,171cm,57kg,상의 66,일단 색감이랑 디자인이 너무 좋아요!! 입을 때 편해서 손 자주 갈것같은 느낌..! 기장이 살짝 짧은 거 빼면ㅠㅠ 아주 맘에듭니돵
petlPvqZ,상위 10%,24.02.22,네이비,FREE,정사이즈예요,아주 만족해요,화면과 비슷해요,158cm,55kg,상의 55,"디자인이 귀여워서 샀는데 오버핏이라 안뚱뚱해보이고
소재도 도톰하니 지금 입기 좋아요 바지랑 입어두 되고 치마랑 입어도 잘어울려요"
KBextHGl,,24.02.21,그레이,FREE,정사이즈예요,아주 만족해요,화면과 비슷해요,,,,"안쪽은 부드러운 기모 재질이라서 지금부터 봄까지 입기 딱이에요! 핏도 예쁘구, 길이도 약간 짧은 감이 있지만 귀여워요."
FzhQpChZ,상위 30%,24.02.20,그레이,FREE,정사이즈예요,보통이에요,화면과 비슷해요,167cm,60kg,상의 66,기모라 따뜻하고 시보리들 짱짱해요 기본정핏인거같아요 브이넥이라 목도 편하고 쇼핑몰 사진그대로예요 두께가 좀있어도 안부해보이는거같아요
07M4WEa2,상위 30%,24.02.17,백메란지,FREE,,,,,,,생각했던것 보다 따뜻하고 편해요! 길이도 마음에 들구 배송 엄청 빠르네요 진짜 2시전에 무개했다가 저녁에 받아써요!
krBUZgla,,24.02.16,오트밀,FREE,생각보다 커요,보통이에요,화면과 비슷해요,163cm,51kg,상의 44,생각보다 사이즈가 넉넉햐용 질은 좋은거같구 꽤 두꺼워서 갠차나욤 근데 어깨가 쪼꼼쓰 넓어보이기는 하는데 핏은 나뿌지 않슴니덩
RDNccfcF,,24.02.16,오트밀,FREE,정사이즈예요,아주 만족해요,화면과 비슷해요,168cm,45kg,상의 44,"재질도 좋고 속기모도 보들보들하니 도톰하고 따듯해서 좋아요!
핏고 아방하고 길이감도 짧지도 길지도 안아서 적당합니당!"
HtEnTOKb,,24.02.13,네이비,FREE,생각보다 커요,보통이에요,화면과 비슷해요,165cm,55kg,상의 55,"모델핏은 아니긴한데 안에 기모라 
따뜻하고 핏도 나름 만족!!
적당한 크롭 기장인것도 좋아요
데일리 꾸안꾸 가능
네이비 추천"
rnde****,,24.02.08,오트밀,FREE,정사이즈예요,보통이에요,화면과 비슷해요,164cm,50kg,상의 44,귀여워요! 생각보다 퀄리티좋고 기모도 따뜻해서 잘 입을 것 같아요 약간 등치가 커 보이긴하지만 박시한 맨투맨이니까요 ㅎㅎ 추천합니당
er0f5GgT,,24.02.06,네이비,FREE,정사이즈예요,아주 만족해요,화면과 비슷해요,170cm,60kg,상의 55,재질도 부드러워서 좋고 적당한 길이의 크롭이라서 부담없이 입을 수 있을 것 같아요~ 안에 살짝 기모감도 있어서 좋습니당
E7XOZd73,상위 5%,24.01.29,그레이,FREE,작아요,보통이에요,화면과 비슷해요,160cm,55kg,상의 55,생각보다 아랫부분이 쪼이구 팔은 길어서 통통한사람이 입으면 모델언니핏은 안나와요ㅜㅜ 그래도 옷 퀄리티랑 재질은 나쁘지않아요
qv0XIVPt,,24.01.28,그레이,FREE,정사이즈예요,아주 만족해요,화면과 비슷해요,161cm,44kg,상의 44,오버핏으로 너무 예쁘고 휘뚜루마뚜루 입기 편해요!! 안에 기모도 들어있어서 따뜻하고 브이넥이어서 목도 편하고 좋아요~~
OBO8e3nP,,24.01.26,네이비,FREE,정사이즈예요,보통이에요,화면과 비슷해요,166cm,53kg,상의 55,"사진이랑 똑같아요
면이 딱딱하지 않고 두툼하면서 부드러워서 핏이 예쁘게 떨어지는 편이에요
따뜻하고 편하게 입기 좋아서 마음에 듭니다"
순그미,상위 25%,24.01.24,백메란지,FREE,정사이즈예요,아주 만족해요,화면과 비슷해요,156cm,46kg,상의 44,따듯하고 부드러움. 약간 몸통 신축성이 생각보다 없는편? 핏은 좋고 색도 이쁘고 가격도 좋음 그래서 두개삼 ㅎ 하나 더살까 생각중
mALv9qjG,,24.01.23,네이비,FREE,정사이즈예요,아주 만족해요,화면과 비슷해요,152cm,50kg,상의 44,넘 기여버요 다른 색도 사고 싶음 ㅠ ㅠ 적당히 넉넉하고 기모도 보들보들함ㅎㅎㅎ오트밀색이랑 고민했눈디 네이비도 예쁘네영
cCBRI2uA,,24.01.23,오트밀,FREE,정사이즈예요,보통이에요,화면과 비슷해요,161cm,49kg,상의 55,화면이랑 색깔 똑같구여 브이넥이라 덜 답답하고 기모라서 따뜻합니다 생각한것보다 박시해서 체형커버도 잘되고 시보리도 짱짱해요
q7FUrcJQ,,24.01.18,백메란지,FREE,생각보다 커요,아주 만족해요,화면과 비슷해요,155cm,45kg,상의 44,"이게 팔부분을 다 내려입으면 이쁜 핏이 나오는데
팔을 조금이라도 올려입는 순간 어깡핏이 되네요
지금보니까 모델분도 팔 내려서 입은사진이 대부분이네요"
wxqNowyM,,24.01.18,그레이,FREE,정사이즈예요,아주 만족해요,화면과 비슷해요,151cm,42kg,상의 44,옷장을 보니 그 흔한 회색 맨투맨이 없어서 구매하게 됐어요 기장도 길지 않고 제 체구에 적당히 아방한 핏이라 아주 맘에 들어요
AXlxtlrU,,25.01.09,오트밀,FREE,정사이즈예요,아주 만족해요,화면과 비슷해요,158cm,48kg,상의 44,휘뚤마뚤 너무 잘입고 있습니다 가격대비 퀄리티도 좋고 너무 크롭하지 않은 기장이라 편하게 입기 좋습니다~
tIKV0vHz,,24.12.18,오트밀,FREE,정사이즈예요,아주 만족해요,화면과 비슷해요,155cm,45kg,상의 55,핏도 예쁘고 색감이 진짜 예쁘게 빠졌더라구요 기모도 얇게 들어가있어서 도톰하니 따듯해요ㅠㅠㅠㅠ다른 색도 살라구요!
471YVGFK,,24.11.29,네이비,FREE,생각보다 커요,보통이에요,화면과 비슷해요,169cm,,,생각보다 좀 부해보이고 어깡 되는 거 같아요.. 그리고 원단 신축성이 1도 없어서 무슨 부직포 입는 느낌… 가격대비 별로에요
DT6ScZeC,,24.11.19,네이비,FREE,정사이즈예요,아주 만족해요,화면과 비슷해요,165cm,53kg,상의 55,예뻐요 생각한핏이고 소재도 탄탄하고 두께도 엄청 두꺼워요 아이보리랑 엄청 고민햇는데 아이보리살려구요 너무 마음에 들어요
qjVUVCHF,,24.11.19,백메란지,FREE,생각보다 커요,아주 만족해요,화면과 비슷해요,148cm,40kg,상의 44,따뜻해서 겨울에도 잘 입을 수 있을 것 같아요! 팔이 길까봐 걱정했는데 한번 접어입으니까 괜찮고 너무 너무 너무 예뻐요 가족들도 다 예쁘다고 칭찬했어유 ㅎㅅㅎ
PWFm9XJc,,24.11.09,네이비,FREE,정사이즈예요,아주 만족해요,화면과 비슷해요,169cm,55kg,,조금 짧은 감이 있지만 나름 귀엽고 핏이 마음에 들어요! 재질이 단단 탄탄해서 보풀이 많이 일어날 것 같지도 않고 좋아요!!
fyGX3niC,상위 20%,24.03.21,백메란지,FREE,생각보다 커요,보통이에요,화면과 비슷해요,166cm,44kg,상의 44,사이즈가 큰걸 알았고 조금 크게 입으려고 구매를 했는데 생각보다 통이 더 크네요 체격이 약한탓도 있지만요 어깨가 좁은편이였는데 옷을 입고보니 약간 럭비선수 같기도한데 이뻐요
8u0Tm7hP,,24.03.13,오트밀,FREE,정사이즈예요,아주 만족해요,화면과 비슷해요,167cm,55kg,상의 55,"아직 안 입어 보긴 했는데 우선 부들 부들하고 예뻐요
같이 시킨 치마는 아직 안
와서 입을 수 있을지 모르겠는데 하여튼 이뻐요 ㅎㅎ
잘 입을게요 기모도 있어서 봄가을 겨울에 입기 좋을듯"
qjGegouj,,24.02.27,네이비,FREE,정사이즈예요,아주 만족해요,화면과 비슷해요,156cm,42kg,상의 44,너무 이뽀요 안에 기모도 있고 길이도 딱 적당합니다 캐주얼하게 입을 수도 있고 힙하게 입을 수도 있을 것 같아요 여러모로 맘에 듭니당
lYPAtp47,,24.02.24,네이비,FREE,정사이즈예요,아주 만족해요,화면과 비슷해요,156cm,60kg,상의 55,"입을때 쪼인다는게 무슨소린지 바로 이해했어요ㅋㅋ 기모 적당하고 핏은 생각보다 정사이즈에 가까웠어요 길이도 생각보단 짧았어요 오버핏 ❌️ 
적당한핏이고 남자친구도 귀엽데요 ㅇㅅㅇ"
K8yZgczr,상위 15%,24.02.12,네이비,FREE,생각보다 커요,아주 만족해요,화면과 비슷해요,165cm,56kg,상의 55,완전 만족입니당 넉넉하고 귀엽고 다함 언니가 보고 뉴진스냐고 물어봣내요 ㅋㅋ ㅋㅋㅋㅋ참내 어이없엉 생각보다 크롭하니까 레이어드 티랑 입어줘도 굿굿
38**,,24.02.07,오트밀,FREE,정사이즈예요,아주 만족해요,화면과 비슷해요,168cm,66kg,상의 66,"너무 너무 예뻐요ㅠㅠ
거의 매일입고다닙니다..팔에 선이 포인튜에요 !!!
깔별로 더 쟁일 예정입니당..❤️❤️ 
조금 크롭기장이라 딱 예뻐요"
we3U1dUt,,24.01.26,네이비,FREE,정사이즈예요,아주 만족해요,화면과 비슷해요,163cm,52kg,상의 44,"후기에 고릴라(?)핏이라 해서 고민 하다가 주문했는데
만족합니다!! 그렇게 옷이 크지 않아요!!! ㅎㅎㅎ
안에 기모도 꽤 도톰해서 좋습니당❤️"
xSsnjTnQ,,24.01.17,백메란지,FREE,생각보다 커요,아주 만족해요,화면과 비슷해요,167cm,57kg,상의 55,"기모가 있어서 엄청 따뜻합니다
제 키가 167 에 보통 체형인데 옷이 많이 크네요
집 밖 간단히 외출할때 잘 입을 것 같습니다!

어깨가 넓은 편인데 좀 많이 부해 보이긴 합니다."
YlV8LGqr,,24.01.15,오트밀,FREE,정사이즈예요,보통이에요,화면과 비슷해요,167cm,53kg,상의 55,"어깨가 좀 잇는편이고 팔다리 긴데도 팔기장 약간 루즈하게 떨어져서 예뻐요 
A라인 스커트에 귀엽게 매치하기 좋은 맨투팬이고 단단한 제질!! 맘에 들어요
빨았을때 사이즈 안줄어들어야 하는데 ㅠㅠ"
rjFlX6sc,,24.01.08,그레이,FREE,생각보다 커요,아주 만족해요,화면과 비슷해요,158cm,56kg,상의 66,일단은 엄청 따뜻해요 입어본 기모 맨투맨 중에 최고예요 팔이 짧은 편이라 소매가 조금 긴 느낌이 있어서 어깨부분이 뜨다보니 어깨깡패 같긴한데 이쁘고 따뜻해서 넘 좋아요..
ixzxz167,상위 25%,23.12.21,오트밀,FREE,생각보다 커요,아주 만족해요,화면과 비슷해요,157cm,43kg,상의 44,"너무 예뿌고 부드럽고 넉넉하고 최고예용 베이델리 갈색 추리닝이랑 입으니까 세트 같아서 더 예뻐여!!
네이비도 하나 더 구매하려고요 ><"
I2UGbJDH,상위 30%,23.12.17,그레이,FREE,생각보다 커요,아주 만족해요,화면과 비슷해요,,,,"벨리드는 믿고 구매하는 제품이라 업뎃 되자마자 구매했습니다!!
마감처리 깔끔하고 소재 탄탄합니다.
양기모로 되어있어서 부드럽고 따뜻했습니다 ㅎㅎ
배송은 좀 오래걸려서 아쉬웠어요 ㅠㅠ"
Bh3aOvag,상위 15%,23.12.16,네이비,FREE,생각보다 커요,아주 만족해요,화면과 비슷해요,154cm,45kg,상의 44,"이뻐요 ㅠ 시보리도 짱짱하고 옷이 부드러워요 ㅠㅠ
배송이 좀 오래걸렸는데 벨리드 옷들이 다 이뻐서 배송이 느린거정도는 참을 수 있어요ㅎㅎ"
CSrasbd8,상위 5%,25.01.08,네이비,FREE,생각보다 커요,아주 만족해요,화면과 비슷해요,161cm,42kg,상의 44,질이 너무 좋고 색깔별로 다 쟁여두고싶어요 단종 절대 노노ㅠㅠ 벌써 두번째 구매입니다! 남색도 예뻐서 인기가 많을거같아요~~
짱담이,상위 20%,25.01.07,오트밀,FREE,생각보다 커요,아주 만족해요,화면과 비슷해요,158cm,46kg,상의 44,"예쁘고 기모 빵빵해서 넘나 따숩 .. 근데 생각보다 조금 많이 오버핏임 ㅠㅠ ,, 그치만 예쁘규 귀여워서 품습니다 다덜 사세유"
dbwl*****,상위 5%,25.01.02,그레이,FREE,정사이즈예요,아주 만족해요,화면과 비슷해요,166cm,54kg,상의 55,핏 사진이랑 똑같고 낭낭하니 이쁘게 잘입고있아여 길이도 넘 길지도 짧지도 않아서 휘뚜루 편해요 엄청 자주 입고있어여 ㅎ
BXwsyz3M,상위 15%,24.12.20,백메란지,FREE,정사이즈예요,보통이에요,화면과 비슷해요,163cm,51kg,상의 55,"진짜 기모 완전 빵빵하게 잘들어가있고 재질도 정말 부드러워요! 남색도 구매할까봐요,,, 완전 핫한걸이 될 수 있습니다 ㅎㅎ"
노오랑,,24.12.04,오트밀,FREE,정사이즈예요,아주 만족해요,화면과 비슷해요,160cm,43kg,,"맨투맨 진짜 예뻐요
기모라 따듯하고 주변에서 맨투맨 어디서 샀냐고
엄청 물어봤어요
밝은 색 밀구 다른 색도 구매하려구용"
tcKy4R0l,,24.12.02,백메란지,FREE,정사이즈예요,보통이에요,화면과 비슷해요,161cm,47kg,상의 44,"너무 편하게 잘입고 다녀요!! 핏도 맘에 들어요
진짜 진짜 너무 휘뚜루. 마뚜루템이에묘ㅛ 이쁜 옷 많이 팔아주세요ㅛ!!"
cpfNo4wo,상위 15%,24.11.26,오트밀,FREE,정사이즈예요,보통이에요,화면과 비슷해요,161cm,51kg,상의 55,기모라서 따뜻하고 옷도 이쁘네요~~~편하게 잘 입고 다닐 수 있겠어요 다른 색도 궁금하네요. 더 쓸말은 없어요~~~
1TXnBty0,상위 20%,24.11.24,오트밀,FREE,정사이즈예요,보통이에요,화면과 비슷해요,165cm,48kg,상의 55,배송 빠르네요 휘뚤마뚤 입을 수 있는 따스한 맨투맨 찾다가 후기가 좋아서 구매해요 블프 할인해서 저렴하게샀네요 감사함댱
xPBvfF8q,,24.11.23,오트밀,FREE,정사이즈예요,아주 만족해요,화면과 비슷해요,159cm,44kg,상의 44,바지랑 세트 느낌으로 매치해 줬어요 위 아래로 폭닥폭닥 너무 귀여워요 엄청 따뜻해요✨🌀🤎
Sr1oMUvh,,24.11.23,네이비,FREE,정사이즈예요,보통이에요,화면과 비슷해요,167cm,55kg,상의 55,"디자인은 마음에드는데 어깨선부분이 뿔처럼 솟아서
안내려와요 ㅋㅋㅋ덩치가 되게 커보여요
근데 후기에는 그런얘기가 업어서 제옷만 불량인가 싶네요.."
으갹갹격,,24.11.07,백메란지,FREE,정사이즈예요,아주 만족해요,화면과 비슷해요,154cm,45kg,상의 44,너무만족ㅇ해유융 색도 만족 디개 빨리왓어야 잘잊ㅇㄱ을게용 ㅎㅎ 굿굿 만족 다른 색도 구입 했어양 ㅎ ㅎ 아주 기모도 잇구 조앙요
Kw2n2bSi,,24.05.25,백메란지,FREE,정사이즈예요,아주 만족해요,화면과 비슷해요,162cm,53kg,상의 55,"기모 있어서 3-4월에 따뜻하게 잘 입었어요! 
브이넥이라 많이 더워보이지 않았고, 세미크롭(?)느낌이어소 귀여워보여요"
MY8cZryu,,24.04.08,백메란지,FREE,정사이즈예요,아주 만족해요,화면과 비슷해요,158cm,44kg,상의 44,두껍고 재질이 좋아서 목이나 손목 같은데가 늘어날 것 같지도 않고 튼튼해보여요. 안에 기모도 있어서 지금 날씨에 하나만 입고 나가도 될 것 같아요
ohbMkL2S,,24.03.13,그레이,FREE,정사이즈예요,아주 만족해요,화면과 비슷해요,,,,"핏 너무 예쁘고 바지 치마 다 너무 잘 어울려요!!
원단도 좋고 안감도 부들부들 하네요 
다른 컬러도 구매 예정 입니다!!!!"
8X6tjlYV,상위 10%,24.03.10,오트밀,FREE,정사이즈예요,아주 만족해요,화면과 비슷해요,154cm,53kg,상의 55,"기모가 들어가있어서 따뜻하기까지한데 핏도 예뻐요🤍
어깨가 약간 가오리핏? 으로 각이 떨어져 더 아방해서
귀여운거같아요 💕"
3I51cqV9,,24.03.10,네이비,FREE,정사이즈예요,아주 만족해요,화면과 비슷해요,163cm,50kg,상의 55,두달 전부터 살까말까 진짜 오래 고민하다가 .. 품절 떠서 좌절하다가 ㅋㅋ.. 다시 풀리자마자 1초의 고민도 없이 질러버렸슘니다. 제가 맨투맨은 3만원 위로 절대 안산단 마인드거든요? 웬걸 ... 질러버리길 잘했습니다 당분간 제 교복이 될 것 같군요 ㅠ.ㅠ 🩷
102eXC1l,,24.03.09,네이비,FREE,정사이즈예요,아주 만족해요,화면과 비슷해요,164cm,55kg,상의 55,"기모인점도 좋고 어깨가 태평양이 되긴하지만 마른 사람이라면 아마 여리여리핏이 날 거 같아요..
색감도 쨍한 네이비라 딱 원하던 느낌입니다!"
I2UGbJDH,상위 30%,24.03.01,네이비,FREE,생각보다 커요,아주 만족해요,화면과 비슷해요,,,,"그레이 색상 만족해서 네이비 색상도 추가 구매했습니다!
네이비 색상 역시 마감처리 깔끔하고 예뻐요 ㅎㅎ
부드럽고 소재 탄탄하며 생각보다 더 따뜻합니다.
배송도 빨라서 좋았어요!!"
Cr1n0,,24.02.26,백메란지,FREE,정사이즈예요,보통이에요,화면과 비슷해요,162cm,57kg,상의 44,"사진이랑 똑같고 이뻐요 
길이도 딱 적당해요 
남색도 구매할 예정입니당 ㅎㅎ
인에 기모가 있어서 생각보다 따뜻하고 좋습니다"
vOpW9moD,상위 25%,24.02.23,네이비,FREE,정사이즈예요,아주 만족해요,화면과 비슷해요,172cm,57kg,상의 55,안에 기모 들어있어서 따뜻하고 이쁘고 다 해요ㅜ다른 색상도 구매하고 싶어용 남색도 진한 남색이라 싸보이지 않고 딱 좋아요
uNowQNle,,24.02.19,네이비,FREE,정사이즈예요,보통이에요,화면과 비슷해요,163cm,57kg,상의 55,약간 길이가 생각보다 애매한점..? 목이 생각보다 답답하다는거 근데 이건 갠취라 저만 그럴수도 있는데 따뜻할것 같기는해요 근데 무조건 단독세탁 추천 물 엄청 빠져요 흰양말 네이비색됨
piuwl86Z,,24.02.12,오트밀,FREE,작아요,보통이에요,화면과 비슷해요,158cm,53kg,상의 55,생각보다 품이 작아요!!ㅠㅠㅠ 길이도 쫌 애매하고 어깨핏은 ㄱㅊ은데 복부쪽이 애매…. 그래도 잘 코디해서 입어보려구오
fhlTX6Bs,,24.02.10,백메란지,FREE,정사이즈예요,아주 만족해요,화면과 비슷해요,,,,"팔이 좀 더 짧았으면 좋을 것 같아요 너무너무 길고 
그리고 팔 위쪽 통이 넓어서인지 어깨가 뜨고 핏이 좀 묘해요…. 팔을 꼭 걷어야함
대신 옷 질은 좋아요"
79R2jEU3,,24.02.09,백메란지,FREE,정사이즈예요,보통이에요,화면과 비슷해요,,,,"한번 빨래한 모습인데 목부분이 벌써 좀 울기 시작한게,, 디자인 핏 다 넉넉하고 편해서 좋았는데 오래입지는 못할수도 있겠어요"
유딩디리딩딩딩,상위 10%,24.02.03,그레이,FREE,생각보다 커요,보통이에요,화면과 비슷해요,163cm,56kg,상의 55,출근할때 집앞에 나갈때 휘뚤마뚤 입으려고 샀어용 생각보다 품이 큰 것 같지만 귀여워요! 기장은 딱 골반정도까지 오는 크롭입니당!
H6xbiGhR,,24.02.03,백메란지,FREE,생각보다 커요,아주 만족해요,화면과 비슷해요,161cm,54kg,상의 55,생각보다 사쥬가 좀넉넉 기장도살짝길고 일단 편하게입을수있어요 브이넥 쵝오 소재가탄탄해서 입을때텐션이1도없는데 대신브이넥이라서 괜춘^^ 잘입을깨요~
Giio1Zrj,,24.01.27,그레이,FREE,정사이즈예요,보통이에요,화면과 비슷해요,163cm,63kg,상의 66,시보리가 짱짱해서 입을때 조금 불편합니다 다만 시보리가 잘 잡아줘서 핏은 정말 이뻐요 한번입고 뭘 흘려서 빨았는데 목부분은 좀 늘어났더라구요 그게 조금 ..ㅠㅠ
rQ9mTwPP,,24.01.27,그레이,FREE,정사이즈예요,아주 만족해요,화면과 비슷해요,164cm,59kg,상의 66,네이비색상 사서 맘에들고 이뻐서 회색도 추가로 구매했어요~! 휘뚜루로 입기에도 좋고 기모가 빵빵해서 따뜻해요 ㅎㅎㅎ
L7SNZ6T4,상위 25%,24.01.26,네이비,FREE,,,,,,,약간 잼민스럽긴한데 예뻐요 네이비 안했으면 좀 부해보였을듯 ㅎㅎ 진짜 다른 리뷰대로 팔 걷으면 고릴라핏이에요 ㅠ ㅋㅋㅋ
p8Jle9ut,상위 5%,24.01.24,백메란지,FREE,정사이즈예요,아주 만족해요,화면과 비슷해요,166cm,58kg,상의 55,이런 디자인의 브랜드 맨투맨이 있는데 크롭기장이라 사봤어요! 계속 내려주지않으면 어깨가 좀 넓어보이긴한데 이건 입다보면 괜찮아질거같아요 기모라서 따뜻하고 마감도 좋아요 만족스럽습니당
CPMoBYqO,,24.01.23,네이비,FREE,정사이즈예요,아주 만족해요,화면과 비슷해요,160cm,62kg,상의 66,기모라 따듯하고 부해보일까봐 걱정했는데 안부해보이고 너무이뻐요!!색상튼 상세페이지랑 똑같고 휘뚜루마뚜루 입기 좋아요
CPMoBYqO,,24.01.23,백메란지,FREE,정사이즈예요,아주 만족해요,화면과 비슷해요,160cm,62kg,상의 66,기모라 따듯하고 부해보일까봐 걱정했는데 안부해보이고 너무이뻐요!!색상튼 상세페이지랑 똑같고 휘뚜루마뚜루 입기 좋아요
CPMoBYqO,,24.01.23,그레이,FREE,정사이즈예요,아주 만족해요,화면과 비슷해요,160cm,62kg,상의 66,기모라 따듯하고 부해보일까봐 걱정했는데 안부해보이고 너무이뻐요!!색상튼 상세페이지랑 똑같고 휘뚜루마뚜루 입기 좋아요
Vpr4zVPu,상위 20%,24.01.22,그레이,FREE,생각보다 커요,아주 만족해요,화면과 비슷해요,200cm 이상,130kg 이상,상의 55,기모가 부들부들하고 생각보다 어깨쪽이 큰느낌이에요 그래도 편하게 입기 좋아요 따뜻하고 좋네요 ㅎㅎㅎㅎㅋㅋㅇㅊㅇ
nXjkGGhP,상위 30%,24.01.18,네이비,FREE,정사이즈예요,아주 만족해요,화면과 비슷해요,163cm,59kg,상의 55,재질도 보들하고 두툼해요!그리고 퀄리티도 좋아서 저렴한 맨투맨 처럼 안보이더라구요 너무 오버핏하지않아서 맘에 들었어요!색깔도 사진이랑 똑같아요!
4Wmgl76C,,24.01.13,오트밀,FREE,생각보다 커요,아주 만족해요,화면과 비슷해요,168cm,50kg,상의 55,기모가 빵빵해서 살짝 부해보이는데 그만큼 따뜻해서 괜찮아요 여기 추리닝 바지랑 세트로 입으려고 샀는데 좋네요 대신 실내 너무 더움
송곳니,상위 10%,24.01.12,네이비,FREE,정사이즈예요,보통이에요,화면과 비슷해요,173cm,51kg,상의 55,배송이 엄청 빨랐고 친구들이 다 예쁘다고 칭찬해줬어용 ㅎ 꾸안꾸로 입기 너무 좋은거같고 따뜻하기도 해요 크롭기장도 적당한거같아요
SWdWFtJU,상위 10%,24.01.03,네이비,FREE,정사이즈예요,아주 만족해요,화면과 비슷해요,164cm,47kg,상의 44,사진이랑 똑같아요 배송은 생각보다 빨리 왔고 안에 기모가 도톰에서 따뜻하게 입기 좋아요 다른색도 사고싶네욥.. 넘 예쁩니다
fypvOi06,,23.12.30,그레이,FREE,생각보다 커요,아주 만족해요,화면과 비슷해요,166cm,60kg,상의 55,"원단 퀄리티도 좋구 넝넝한핏이라서 좋아요!
기모안감이 낭능해서 따뜻하게 잘 입을꺼 같아용
평소에도 애용할꺼 같아용 ㅎㅎ"
p22ZMkMt,,23.12.29,백메란지,FREE,정사이즈예요,아주 만족해요,화면과 비슷해요,158cm,45kg,상의 44,"키가 작아서 길이가 크롭이라 너무 좋구요
기모가 그런건지 힘있게 핏이 잡혀있어서 아방한 핏이 맘에 들어요ㅋㅋㅋ
네이비도 탐나요"
EFGTiVHG,상위 30%,23.12.20,네이비,FREE,정사이즈예요,아주 만족해요,화면과 비슷해요,163cm,53kg,상의 55,엄청 따땃하고 도톰해요! 운동할때도 입고싶어서 레깅스에 같이 입었는데 이쁘고 편해요 기모라 더워서 그렇지 ㅋㅋ 다른색상두 사려구용!
존노노노,상위 10%,23.12.20,백메란지,FREE,정사이즈예요,아주 만족해요,화면과 비슷해요,160cm,50kg,상의 55,"배송 좀 느리긴 했지만 소재 까슬거리는거없이 부드럽고 포근해요 멜란지에 네이비 색 귀엽고 너무 처지는
오버핏 아니라 예뻐요!"
DjNz2O60,,23.12.04,백메란지,FREE,생각보다 커요,아주 만족해요,화면과 비슷해요,158cm,50kg,상의 44,안에 부드러운 안쪽 기모와 두터운 이 퀄리티! 맘에 듭니다.! 사알짝 총길이가 긴감이 없지않아 있는거 같지만! 맘에 듭니다 ㅎ
lASljsrr,상위 10%,25.01.06,백메란지,FREE,정사이즈예요,아주 만족해요,화면과 비슷해요,160cm,56kg,상의 55,두텁고 길고 크고 좋아요 샹각보다 22라는 숫자가 좀 많이 튀기는 함 그래도 원래 목적이 따뜻한 옷 구매 였기때문에 기것 만큼은 흠이 없다 겁나 따뜻
aman******,상위 30%,24.12.27,네이비,FREE,생각보다 커요,아주 만족해요,화면과 비슷해요,172cm,51kg,상의 55,재질도 짱짱하고 기모라 따뜻함은 물론인데다 디자인 너무 맘에 들어여ㅠㅠ 역시 베이델리…🫶🏻 앞으로 옷은 베이델리입니다
8nLJaqfn,,24.12.15,네이비,FREE,생각보다 커요,아주 만족해요,화면과 비슷해요,162cm,55kg,상의 55,생각보다 어깨 쪽이 좀 커서 팔 내리면 부해보이긴 하는데 그런 핏 생각하시면 괜찮을 것 같아요 따뜻하고 길이도 딱 적당해요
bBHRbla9,상위 25%,24.12.05,오트밀,FREE,정사이즈예요,아주 만족해요,화면과 비슷해요,155cm,65kg,,디자인이 생각 보다 기엽고 보들보들 하니 좋네요 요즘에는 너무 박시한것 보다 세미한거 많이 구매 하는데 사이주도 너무 딱 좋아요
nobl******,상위 30%,24.11.28,그레이,FREE,정사이즈예요,아주 만족해요,화면과 비슷해요,162cm,67kg,상의 66,"탄탄한 크롭 맨투맨입니다! 뚠뚠이가 입으면,, 조금 부해보이긴하는데 살빼면 되겄죠 뭐,,, 퀄리티 괜찮습니다!!"
2g9nlr31,상위 25%,24.11.21,백메란지,FREE,생각보다 커요,보통이에요,화면과 비슷해요,160cm,49kg,상의 44,"저 어깡인데…짖짜 깡마른 사람들 추천할게유..
좀 떡대 있어보여요…ㅜㅜ
그래더 안에 기모있고 따듯해서 완전 좋아유
믿고사는 베이델리"
ssapseulgi,,24.11.21,그레이,FREE,생각보다 커요,보통이에요,화면과 비슷해요,157cm,43kg,상의 33 이하,"생각역시 가볍게 툭 걸치기좋은 세미크롭맨투맨 입니다
추리닝 바지에 입었을때 힙함 그 잡채
청바지에 툭 입었을 땐 꾸안꾸 쌉가능,,"
Qt2uoNH6,상위 25%,24.11.13,오트밀,FREE,정사이즈예요,보통이에요,화면과 비슷해요,162cm,49kg,상의 55,"좋아요 이뻐요
편하고 잘입을꺼같애요 무난해요
감사합니다 ^^ 번창하세여

세탁해서 입을려고요 
올해는 잘입을꺼 같애요"
L02ZkxPi,,24.11.07,네이비,FREE,정사이즈예요,아주 만족해요,화면과 비슷해요,150cm,35kg,상의 44,"무난하게 입을거같아요
기모재질이라 겨울 내내 휘뚜루마뚜루 입을거같고 나쁘지안ㄹ어요 근데 팔이 짧은 편이라 소매가 좀 긴거같아요"
러브쭈,상위 10%,24.01.09,그레이,FREE,생각보다 커요,보통이에요,화면과 비슷해요,166cm,53kg,상의 55,만족해요 ㅎㅎ 다만 생각보다 박시했어요! 그래도 예쁜핏이에요 힙하게 입을 수 있고 스커트랑 입어도 예쁠거같아요 손이 자주 갈거같아요
FqCw7yt4,상위 15%,24.12.22,백메란지,FREE,정사이즈예요,아주 만족해요,화면과 비슷해요,161cm,40kg,상의 44,아 정말 너무마음에 들어요 따뜻하고 편하고.. 귀엽고ㅠㅠ베이델리는 정말취향저격이에요!!!겨울템 잘 장만한가같아 기분좋아요>.<
MGymFOf0,상위 15%,24.11.13,백메란지,FREE,생각보다 커요,아주 만족해요,화면과 비슷해요,155cm,44kg,상의 44,무난 무난하게 입을 수 있는 휘뚜루 마뚜루 데일리 아이템이에요. 편안하게 코디하고 싶을 때 잘 입을 수 있을 것 같아요ㅎㅎ
8rrtYsv8,,24.03.09,그레이,FREE,정사이즈예요,아주 만족해요,화면과 비슷해요,159cm,46kg,상의 44,오버핏이라고해서 너무 클까봐 걱정했는데 그렇게 크진 않아요 폼이커서 어깡처럼 보여요 밑에 시보리가 엄청 쫀쫀하게 들어가있어요
rKMsq0Pj,,24.02.28,그레이,FREE,정사이즈예요,보통이에요,화면과 비슷해요,169cm,54kg,상의 55,맘에 들어서 또 샀어요 네이비도 사고 싶어요 ㅋㅋ맘에 들어서 또 샀어요 네이비도 사고 싶어요 ㅋㅋ추천합니다 배송도 빠름
rKMsq0Pj,,24.02.28,백메란지,FREE,정사이즈예요,보통이에요,화면과 비슷해요,169cm,54kg,상의 55,맘에 들어서 또 샀어요 네이비도 사고 싶어요 ㅋㅋ맘에 들어서 또 샀어요 네이비도 사고 싶어요 ㅋㅋ추천합니다 배송도 빠름
814hYh0q,,24.02.24,네이비,FREE,정사이즈예요,아주 만족해요,화면과 비슷해요,153cm,50kg,상의 55,"맨투맨 왐전 추천!!!
브이넥이라
포인트도 좋고 기모도 완전 빵빵
기장도 맘에
들아여 남자친구가
귀얍다고 해줘써여><"
FOy45Wrk,,24.02.07,오트밀,FREE,정사이즈예요,아주 만족해요,화면과 비슷해요,164cm,50kg,상의 55,시보리도 탄탄하고 예뻐요 잘입을것같아요 색도예뻐서 자주 입을것 같습니다 갈색 무늬가 예뻐서 여기서 산 갈색 트레이닝바지랑 어울려요
rj2KT5Iq,,24.02.06,오트밀,FREE,생각보다 커요,아주 만족해요,화면과 비슷해요,,,,어깨부분이 조금 부해보이고 오버핏이라 그런지 조금 뜨는 부분이 있어서 아쉬웠지만 그래도 퀄도 좋고 전체적으로는 만족했어요
유나나,,24.01.23,네이비,FREE,생각보다 커요,보통이에요,화면과 비슷해요,160cm,52kg,상의 55,"생각보다 가오리핏이라 딱맞는 코트 안에는 못입습니다 ㅠㅠ
그래도 길이감도 너무 짦지 않고 단독핏은 예뻐서 맘에 들어요"
kAg1hFZU,,24.01.16,오트밀,FREE,정사이즈예요,아주 만족해요,화면과 비슷해요,168cm,64kg,상의 66,"심플하고 디자인도 귀여워서 바로주문했어요 ㅎㅎ
안쪽 도톰해서 따뜻하게 입고다닐수있어요~¡¡ 
 꾸안꾸로 잘입고다닐게요!!"
JqYxC5oJ,,24.01.02,백메란지,FREE,보통이에요,화면보다 밝아요,,155cm,50kg,상의 44,편하게 입으려고 구매했는데 안에 기모원단도 있고 따뜻하고 좋아요! 사알짝 생각했던 퀄은 아닌데 그래도 만족하고 잘 입을 수 있을 것 같아요!
0m6XMs6v,,23.12.27,그레이,FREE,정사이즈예요,아주 만족해요,화면과 비슷해요,169cm,59kg,상의 66,"역시 베이델리입니다
원단과 퀄리티가 너무 좋아요
셔츠 맨투맨 트레이닝바지 
이런 기본템 찾을때 꼭 사게됩니다
자수 진짜 고급쟈요"
1N2nQLrO,,23.11.30,그레이,FREE,정사이즈예요,보통이에요,화면과 비슷해요,170cm,50kg,상의 77,배송은 이틀 만에 왔어요! 배송 빨라서 좋았는데 맨투맨이 오버핏은 아니고 조금 여유로운 핏이어서 아쉬워요ㅠ 무난해요!
eLuDV5VP,,24.12.24,그레이,FREE,정사이즈예요,보통이에요,화면과 비슷해요,,,,"키가 169인데 제 기준 엉덩이는 안덮히더라구요!
맨투맨은 기본디자인만 입었었는데 처음 시도해보는 디자인인데도 아주 만족입니당"
HyUThX2K,,24.12.07,그레이,FREE,정사이즈예요,아주 만족해요,화면과 비슷해요,170cm,53kg,상의 55,"도톰하고 예쁩니다.
캐주얼하게입으면 여러군데에 잘어울려 입을수있는 옷일것같아요~ 
심지어 따뜻합니다 그래서 잘애용할것같아요"
awWSF30L,,24.12.02,네이비,FREE,생각보다 커요,보통이에요,화면과 비슷해요,160cm,53kg,상의 55,"생각보다 더 방방한 느낌이라 부해보이는 경향이있음
털이 잘 묻어나는 재질이라 막 손이 가진 않는다
추천 의사는 없음입니다"
g4Iw37xA,상위 15%,24.11.27,오트밀,FREE,정사이즈예요,보통이에요,화면과 비슷해요,160cm,55kg,상의 55,상품사진이랑 똑같아용 휘뚜루 마뚜루 기모 툭툭하니 잘입을것같아용 살짝 어깨 깡채느낌 없지않아 있습니당바지랑 세트같네용
CkuMUYpu,,24.11.26,그레이,FREE,정사이즈예요,보통이에요,화면과 비슷해요,159cm,48kg,상의 44,"부들하고 핏도 이쁜데 약간 검은옷에 털이 뭍어요....
한번 빨아서 입어야할 것 같아요
다른건 다 만족입니다"
fjBdPSN7,,24.11.24,오트밀,FREE,정사이즈예요,보통이에요,화면과 비슷해요,165cm,54kg,상의 55,브라운 색감 단독으로 입으면 누렁이 되는데 밑에 오트밀이 깔려서 그런지 그나마 나아여! 너무 귀엽고 따닷하네여 네이비도 시켯어여 ㅎㅎ
옷이너무좋음,상위 10%,24.02.21,네이비,FREE,정사이즈예요,아주 만족해요,화면과 비슷해요,159cm,45kg,상의 44,"치마랑 입으면 이쁠거 같아서 샀어요
제 키 기준 골반 정도 기장이에용
팔쪽 선이 너무 힙해서 마음에 들어요 아쉬운건 기장이 골반이라 좀 뚱뚱해보여욬ㅋ"
z0wfgjkq,,24.02.09,백메란지,FREE,정사이즈예요,보통이에요,화면과 비슷해요,166cm,52kg,상의 55,"기모있어서 따뜻하고 색상도 사진이랑 같아서 예뻐요 !! 
다른 색상들도 구매하고싶은 마음이 드네용 !! 
사실분들은 고민하지말고 사세용"
silnMP9Z,,24.01.29,오트밀,FREE,정사이즈예요,아주 만족해요,화면과 비슷해요,158cm,46kg,상의 55,"피팅만 해봤는데 역시 믿고 사는 벨리드임 ,, 옷도 꽤나 두텁고 겉도 속도 부드러웠어요 ㅠ 색상 고민하다 오트밀 샀는데 나머지 색상 전부 갖고시퍼 ㅠㅠㅠㅠ 엉엉"
cjiBJMqH,상위 5%,24.01.24,오트밀,FREE,정사이즈예요,보통이에요,화면과 비슷해요,158cm,52kg,상의 55,색감도 이쁘고 디자인도 이쁜데 핏이 안이뻐요 옷이 뻣뻣해서 엄청 부해보이네요 세미크롭정도의 기장입니다 옷은 도톰하니 따뜻해요
EYyP9IPV,상위 15%,24.01.05,백메란지,FREE,정사이즈예요,아주 만족해요,화면과 비슷해요,153cm,42kg,상의 44,애증의 맨투맨...핏예쁘고 엄청 크지는 않아요..다만 유감스럽게도 배송 2주 정도 기다렸습니다. 급하신 분들은 재고 및 배송 문의 드려보시길 추천드립니다.
BVAWsEZf,,23.12.09,오트밀,FREE,정사이즈예요,아주 만족해요,화면과 비슷해요,166cm,50kg,상의 55,"브라운 에 꽂혀가지구 산 세트바리~~
위에 맨투맨 두껍도 탄탄 맘에 들어요우 ㅎㅎ

강추강추 근데 나만 입고싶음 ㅋㅋ 똑같은거 입고 다니면 좀 그럴듯 ㅠㅜ"
2FADsOap,,24.12.05,네이비,FREE,생각보다 커요,생각보다 커요,보통이에요,160cm,52kg,상의 55,재질은 괜찮은데 생각보다 핏이 어깨쪽이 너무 부해보여서 아쉽네요 근데 디자인은 맘에 들어서 그냥 입으려구요 ㅎㅎ!!!
WVbsbnCW,상위 30%,24.11.26,오트밀,FREE,정사이즈예요,보통이에요,화면과 비슷해요,170cm,50kg,상의 55,걍 죠음 하나 더사고싶네요 기장이 딱임 이런 기장 더 만들어주시길.. 그냥 품이고 키가 커서 너무 짧은면 어쩌나 했는데 좋음..
5Zyzy5WH,상위 15%,24.11.24,네이비,FREE,정사이즈예요,아주 만족해요,화면과 비슷해요,160cm,52kg,상의 55,안에 기모 좀 보세여 ㅠ 넘 따뜻하궁 ㅠ 디자인 진짜 이쁘네여 ㅠㅠ 맨투맨이랑 추리닝 싹다 베이델리에오 ㅠ꺅 ㅋㅋ다 사고싶당 마니파세용
koha******,,24.10.30,네이비,FREE,정사이즈예요,아주 만족해요,화면과 비슷해요,173cm,61kg,,퀄리티도 너무 좋구 각이 살아있어서 더 좋았어용. 기장도 너무 짧지도 않고 애매하지도 않아서 단독으로 입었을 때도 이쁘더라구요. 겨울에 잘 입고 다닐 듯 해용.
SAgOnHUq,,24.04.09,백메란지,FREE,정사이즈예요,보통이에요,화면과 비슷해요,158cm,53kg,상의 55,"딱 알맞는 핏 정도까진 아녀두
휘뚤마뚤 데일리로 어디든 적합해여 ㅎㅎㅎ
더 더워지기전에 올 봄 뽕빼면서 입을 예정임니당"
btor**,,24.03.16,네이비,FREE,정사이즈예요,아주 만족해요,화면과 비슷해요,166cm,54kg,상의 55,"소재가 탄탄하고 좋아서 핏을 잘 잡아주는거같아요
사진으로 보는것보다 훨씬 더 예뻐요
조거팬츠랑 입어도 잘어울리네요오"
girl***,,24.03.04,네이비,FREE,정사이즈예요,아주 만족해요,화면과 비슷해요,168cm,58kg,상의 55,"너무너무너무 이뻐요 
청바지던 뭐던 기모도 있어서 따시하게 입고잇습니다 ! 
편안하게 아무곳에 매치해도 이뻐요 !! 추천입니자"
HHxeGY5l,상위 10%,24.03.02,네이비,FREE,작아요,아주 만족해요,화면과 비슷해요,164cm,68kg,상의 66,"생각보다 오버핏은 아니고 정핏?! 이에요 그치만 넘 예쁩니당… 앞에 로고도 예쁘고 넘 귀엽습니다..!! 바지랑 잘
어울려요"
M8TiLCmT,,24.02.26,오트밀,FREE,생각보다 커요,보통이에요,화면과 비슷해요,165cm,64kg,상의 66,곧 봄이고 해서 아우터없이 입어볼려고 안감있는걸로 샀는데 생각보다는 얇은 느낌 재질이 엄청좋아하는 느낌은 아니지만 입기는 할듯
D8y7TvkV,,24.02.12,네이비,FREE,정사이즈예요,보통이에요,화면과 비슷해요,164cm,51kg,상의 55,"면이 두텁고 좋아서 구매내역을 다시봤더니 양기모더라고요.. 기모를 안좋아해서 모르고사서 ㅠㅠ
그거외인 좋아요 만족해요"
y5mpU6MD,,24.01.15,오트밀,FREE,정사이즈예요,아주 만족해요,화면과 비슷해요,172cm,58kg,상의 66,"배송은 조금 걸리는거 생각하셔야 되고
재질이나 여러면에서 나쁘지 않아용
따시고 좋습니당 데일리로 그만입니다 
만족합니다"
AYwU0x9k,,24.01.10,네이비,FREE,정사이즈예요,아주 만족해요,화면과 비슷해요,158cm,50kg,상의 55,"생각보다 조금작은감이있지만 색깔도그렇고 따뜻해서 너무 좋았어요 
158/50인데 유의해서 입으시면 좋을 것 같네요"
뽀삐눈냐,,23.12.20,오트밀,FREE,정사이즈예요,보통이에요,화면과 비슷해요,168cm,54kg,상의 55,"안에 양기모 퀄리티 좋숩니다. 베이델리 자체제작상품 옷 퀄리티 다 괜찮은거 같아요 제가 어깨가 좀 있어서 어깡이 된다는건 빼고,,"
__yuna_,,23.12.16,네이비,FREE,정사이즈예요,보통이에요,화면과 비슷해요,160cm,55kg,상의 55,아직 안입어봤는데 음 코디를 예쁘게 해야 이쁠 거 같고 아님 조곰 ㅜㅜ 아쉬운 느낌 겁나 꾸꾸로 코디해봐여겟어요 촉감은 굿
w3f9vgS2,,23.12.15,네이비,FREE,정사이즈예요,아주 만족해요,화면과 비슷해요,163cm,58kg,상의 55,"이뻐여 ㅎㅎㅎㅎ 진짜 오래 기다려서받긴했는데 부드럽고 조아용! 안에 털이 따갑지않아여! 
여행갈때 챙겨가야겠어요오"
Gk1mU0jH,,24.11.29,백메란지,FREE,정사이즈예요,아주 만족해요,화면과 비슷해요,163cm,55kg,상의 55,"색상 백메란지 완전 사진그대로 핏도그대로 키 164기준 딱 배꼽아래 와서 애매하게
벙벙하지도않구 딱 휘뚜루마뚜루입기조아용"
bhyNxHMj,,24.11.20,오트밀,FREE,생각보다 커요,아주 만족해요,화면과 비슷해요,158cm,56kg,상의 55,"완~~~~전 따수움 그 잡채!!
일단 안에 기모가 빠방하게 들어가서 올 겨울 따숩게 보낼수 있겠습니다!!
귀염귀염하고 안에 목티랑 같이 입거나 셔츠랑 같이 입어도 이뿔거같아요!"
SOIa1pZO,,24.02.27,오트밀,FREE,작아요,아주 만족해요,화면과 비슷해요,168cm,70kg,상의 77,"생각보다 기장이 저한테는 좀 짧다라는 느낌이예요
따뜻하고 이쁘고 좋아요! 
갈색 바지랑 같이 입을려고 삿는데 이뻐요!!"
RyewNN4w,상위 5%,24.02.25,백메란지,FREE,생각보다 커요,아주 만족해요,화면과 비슷해요,145cm,35kg,상의 44,진짜 너무너무너무너무 예뻐요 원래 다른 맨투맨들은 시보리가 짱짱하지 않아서 안으로 넣어도 금방 풀리는데 이건 하 고정도 되고 너무 예뻥요 남색도 살 거예요 어떻게 이게 3만 원? 넘 망족스허워요
TjdBvi7G,,24.02.01,네이비,FREE,정사이즈예요,아주 만족해요,화면과 비슷해요,162cm,48kg,상의 44,오자마자 바로 입어봤는데 안에 기모도 있고 생각보다 탄탄하고 예뻐서 놀랐어요 회색 조거팬츠도 샀는데 같이 입으니까 넘 예뻐용💖🥺
pjm7***,,24.01.27,오트밀,FREE,생각보다 커요,보통이에요,화면과 비슷해요,157cm,48kg,상의 55,옷이 예쁜데 어깨선이 살짝 애매한 위치에 있기도 하고 소재도 도톰한 편이라 어깨 넓으신 분들이 입으면 좀 부해보일 것 같아요!
5jnDzO63,,24.01.23,그레이,FREE,정사이즈예요,아주 만족해요,화면과 비슷해요,157cm,50kg,상의 55,그레이랑 백메란지 둘 다 구매 했는데 둘다 구매하길 잘한것 같아요! 색상이 둘다 무난한데 이뻐서 어디에나 받쳐입기 편할것 같습니다!
5jnDzO63,,24.01.23,백메란지,FREE,정사이즈예요,아주 만족해요,화면과 비슷해요,157cm,50kg,상의 55,길이도 적당하고 실물이 더 이쁜것 같아요! 입은 코디대로 입기에도 너무 이쁘고 그냥 바지에도 맞춰 입기 편해서 좋아요!
unF8T9hi,상위 30%,24.01.12,오트밀,FREE,정사이즈예요,아주 만족해요,화면과 비슷해요,167cm,55kg,상의 55,"너무 자주 입을 정도로 편하고 기여워요 2살은 더어려 보여요 ㅎㅎ 
다른색상도 할까바요 금액도 조아서요 ㅎㅎ
이거 하나만 입어도 따숩고 점퍼입으면 더워요"
qwer****,,23.12.22,그레이,FREE,정사이즈예요,보통이에요,화면과 비슷해요,163cm,55kg,상의 55,크롭 기장에 어깨 깡패 되는 핏...이지만 디자인은 예쁩니다. 어깨 좁으신 분들이 입으면 예쁘게 잘 어울릴 것 같아요 ㅜㅜ
Zv7f9Sir,,23.12.05,오트밀,FREE,생각보다 커요,보통이에요,화면과 비슷해요,152cm,46kg,상의 55,"사진보고 세트로 구입했아요 따뜻하고 맘에 들아여
근데 저한테는 좀 커요 부하다고 해야하나?
어깨쪽이랑 통이 좀 커서 뚱뚱해 보일수 있아요"
iozZy0R7,,25.01.13,네이비,FREE,정사이즈예요,아주 만족해요,화면과 비슷해요,160cm,52kg,상의 55,"오자마자 시착해보고 바로 세탁했습미다!!
기모도 폭닥하고 너무 따수울거같아요!
잘입겠습니당!!가성비 끝장이예요!"
I5R0Aygb,,24.12.18,네이비,FREE,정사이즈예요,아주 만족해요,화면과 비슷해요,,,,브이넥 맨투맨 사고 싶었는데 잘 구매했어요 안에 기모도 들어서 따뜻하고 박시하고 예쁩니다
ELvHUZmk,상위 25%,24.12.03,백메란지,FREE,정사이즈예요,아주 만족해요,화면과 비슷해요,163cm,49kg,상의 55,귀야움ㅋ ㅠ 색도 딱 생각한 그대로~~~! 바지도 베이델리껀디 여기 바지맛집인줄 알았는데 맨투맨도 맛집^_^ㅎㅎ
MlCGydNY,,24.11.29,백메란지,FREE,정사이즈예요,아주 만족해요,화면과 비슷해요,174cm,62kg,상의 66,"후기처럼 이쁘네요! 팔길이도 길고 뽀딱하니 따숩네요~~
기장이 숏해서 다리도 길어보여용!! 고민하시는분들 사세요
후회 안합니다~~"
XsDxvTD2,,24.04.02,오트밀,FREE,생각보다 커요,아주 만족해요,화면과 비슷해요,157cm,45kg,상의 44,"맨투맨 모양이 잘잡아져 있어서 이쁘게입었습니당💗

기모까지 있어서 쌀쌀해도 겉옷없이 단독으로 입고다녔어요!!!!"
PNGRFqAT,,24.03.13,오트밀,FREE,생각보다 커요,아주 만족해요,화면과 비슷해요,163cm,48kg,상의 55,크고 낙낙하니 편하게 입을수 있어서 좋아요! 청바지랑 입으니까 너무 예쁩니다! 치마랑 같이 착용하니 스쿨룩 느낌도 나고 좋아요~
7WrDmD17,상위 25%,24.03.08,네이비,FREE,정사이즈예요,보통이에요,화면과 비슷해요,158cm,47kg,상의 55,굉장히 예뻐요 약간 농구복재질이라고 해야하나 쿨톤인 저에게 엄청나게 매우 찰떡인거같아요 하여간 엄청 맘에드네요 ㅋㅋㅋ
nobb,,24.01.25,그레이,FREE,정사이즈예요,보통이에요,화면과 비슷해요,160cm,48kg,상의 55,"아직 안입어봤는데 전체적으로 도톰하고 두께감이 있는 편이에요
색상도 화면과 동일하고 만족합니다ㅎ"
trqIgKNm,,24.12.18,백메란지,FREE,생각보다 커요,아주 만족해요,화면과 비슷해요,155cm,50kg,상의 55,따뜻하고 예뻐요 브이넥이라 목이 살짝 춥긴한데 덕분에 부해보이지 않게 입을 수 있음
aqRtXX38,,24.11.24,오트밀,FREE,정사이즈예요,아주 만족해요,화면과 비슷해요,165cm,50kg,상의 55,이뻐요ㅎㅎ옷 퀄리티도 나쁘지 않고 좋은데 생각보다 브이넥이 저한테는 많이 내려가서 안에 이너티입고 입어야겠어요!
tt5X5OEt,,24.04.03,네이비,FREE,작아요,아주 만족해요,화면과 비슷해요,165cm,57kg,상의 55,탄탄하고 핏도 예쁜데 살짝 생각보다 짧아서 아쉬워요! 근데 엄청 작거나 그런건 아니라서 입고 다닐 만 해요
내텅장텅텅텅,,24.02.17,백메란지,FREE,생각보다 커요,,,160cm,52kg,상의 55,길이는 크롭기장인데 어깨부분이 너무 부해보여요 ㅜㅜ 계속 어깨쪽이 뜨더라구여..그래도 알바할때 편하게 잘입을거같아요
꽃게개,상위 10%,24.02.12,오트밀,FREE,정사이즈예요,아주 만족해요,화면과 비슷해요,157cm,52kg,상의 66,저 브이넥이 정말 예뻐요 어떤 옷이랑 같이 입어도 예뻐여 꾸안꾸 하기에 완전 좋아요 꾸안꾸인데 누가봐도 안꾸는 아닌..! 아주 맘에 들어요!!
7MptTeL7,,24.01.29,그레이,FREE,정사이즈예요,아주 만족해요,화면과 비슷해요,172cm,58kg,상의 55,악 개이쁜디요!!!! 편한데 따수와여 안에가 기모라 이거만입어도 좋아요 날풀릴때까지 참잘입을꺼같아요 ㅋㅋㅋ몸은 좀 짧지만 이쁜맛이 있네요
jF16jDXR,,24.01.06,백메란지,FREE,생각보다 커요,보통이에요,화면과 비슷해요,154cm,46kg,상의 44,"안에 있는 기모 자체가
두껍진 않고 얇은 기모라 갑갑하진 않아요
생각보다 품이 넓어서 당황하긴했지만
나름대로 예쁜 것 같아요ㅎㅎ"
1TpoSS4z,,24.12.18,네이비,FREE,정사이즈예요,아주 만족해요,화면과 비슷해요,168cm,48kg,상의 55,배송은 좀 느렸지만 두툼하고 사진과 그대류 보이는 옷이에용 예쁘고 꾸안꾸로 입기 좋아용
4juHcgZS,,24.12.04,그레이,FREE,정사이즈예요,아주 만족해요,화면과 비슷해요,163cm,52kg,상의 55,"예뻐요~~ 따숩고 밑위가 숏패딩 안에 입을거라 많이길지 않은것 찾다가 구매했는데 잘샀네요~
생각한 길이였고 따뜻합니다~"
aLJlvhya,,24.12.01,네이비,FREE,생각보다 커요,보통이에요,화면과 비슷해요,161cm,57kg,상의 55,리뷰가 좋아서 샀는데 담(?)이 잘 들어있고 어깨부분이 말려올라가서 헤라클래스처럼 되니까 잘 끌어내려서 입어주면 예쁨다
g0DT3zRM,,24.11.22,백메란지,FREE,생각보다 커요,아주 만족해요,화면과 비슷해요,158cm,51kg,상의 66,"두깨도 폭닥하니 따뜻해요~
딱 이쁜 오버핏 정도?? 
같이 구매한 청바지랑도 트레이닝복이나 조거팬츠에도 어디에나 잘어울릴꺼 같아요 굿굿"
GVskW4zz,,24.03.02,그레이,FREE,생각보다 커요,보통이에요,화면과 비슷해요,168cm,57kg,상의 55,"생각보다 어깨 넓어보여요ㅠ
그래도 옷 자체는 예쁘고 색상도 사진이라 똑같고 퀄도 괜찮네요"
XNaLhpTI,,24.01.26,그레이,FREE,작아요,보통이에요,화면과 비슷해요,164cm,65kg,상의 66,옷은 탄탄하고 재질두 너무 좋은데 너무 짧구 품이 박시핏일줄 알았는데 너무 정핏이여서 아쉬웠어오 ㅠㅠ
r5VK34JI,,24.01.25,네이비,FREE,정사이즈예요,보통이에요,화면과 비슷해요,171cm,54kg,상의 55,ㅁ네이비라 먼지 잘 붙는거 힘들지만 ㅜㅜ귀엽긴해요 32살이 입기는 좀 귀여워서 ㅜㅜ
QtLYBXQZ,상위 30%,24.01.13,오트밀,FREE,생각보다 커요,아주 만족해요,화면과 비슷해요,164cm,50kg,상의 44,진짜 만족해요 오자마자 다음날 출근할때 브라운 트레이닝바지랑 같이 시켜서 입고나왔는데 걍 곰도리같이 귀여워여 옷이ㅠㅠ
wgg4**,,24.01.09,네이비,FREE,정사이즈예요,아주 만족해요,화면과 비슷해요,168cm,58kg,상의 55,우선 빠른배송 굿! 퀄리티도 화면에서 봤던대로 최고인거같고~ 디자인도 독특하니 너무 만족합니다:)
jSEVp1yU,,23.12.17,오트밀,FREE,정사이즈예요,아주 만족해요,화면과 비슷해요,157cm,45kg,상의 44,"여행 갈 때 입으랴고 고의 모셔두고 있습니다 ㅋㅋㅋ
안에 기모 있어서 더 만족스러워요 !!
덕분에 따뜻한 여행이 되겠어욤 .. ♥"
trUx7wI8,,24.11.23,그레이,FREE,생각보다 커요,아주 만족해요,화면과 비슷해요,165cm,60kg,상의 66,귀여운 맨투맨이에요~ 기모 너무 따뜻하고 데일리로 편하게 입고 다니기 좋습니당
jfJwbhfu,,24.12.08,백메란지,FREE,정사이즈예요,아주 만족해요,화면과 비슷해요,165cm,55kg,상의 55,"안감이 따뜻하고 적당히 박시해서 좋아요 
완전 자주 입을거같습니다."
NI1rfOW3,,24.12.01,그레이,FREE,정사이즈예요,보통이에요,화면과 비슷해요,159cm,50kg,상의 66,배송도 빨리와서 너무 좋았습니다!! 그리고 안에 기모가 들어있어서 따쑵고 좋았습니다 데일리로 좋아용
으갹갹격,,24.09.13,네이비,FREE,정사이즈예요,아주 만족해요,화면과 비슷해요,154cm,45kg,상의 44,역시나 이뻐용 고민한게 후회더ㅣㄹ 정도 ㅎㅎ 색 다른 색도 구입할 예정이에영 ㅎㅎ 넘 맘에듭니당 깔별로 구입해야겟당 ㅎ ㅎ
xhfl******,,24.04.09,오트밀,FREE,정사이즈예요,아주 만족해요,화면과 비슷해요,159cm,48kg,상의 44,퀄리티 너무 좋아요 쫀쫀하고! 근데 제 생각보다 훨씬 두꺼워서 봄에는 절대 못입을 것 같아요..
7xo4URP2,,24.02.28,오트밀,FREE,정사이즈예요,보통이에요,화면과 비슷해요,167cm,60kg,상의 66,생각보다 신축성이 없고 어깨부분이 약간 애매해서 어깡처럼 보여요 시보리가 탄탄해서 조금 입고 벗을때 불편해요
2oYKvf64,,24.02.14,오트밀,FREE,생각보다 커요,아주 만족해요,화면과 비슷해요,157cm,43kg,상의 44,아방한 핏을 원했는데 딱 맞아요 ! 적당한 길이감에 디자인도 너무 예뻐용 ㅠ
GMUIbl3S,,23.12.02,그레이,FREE,정사이즈예요,아주 만족해요,화면과 비슷해요,,,,기모도 도톰하구 빠른배송에 옷도 너무 귀여워요 사진 그대로입니다 다른색상도 구매하려구요 ㅎㅎ
CSrasbd8,상위 5%,25.01.08,오트밀,FREE,생각보다 커요,아주 만족해요,화면과 비슷해요,161cm,42kg,상의 44,예뻐용 색감도예쁘고 따뜻해요~! 다들 예쁘다고해주네요
rDThJjKc,,24.12.20,네이비,FREE,정사이즈예요,아주 만족해요,화면과 비슷해요,169cm,54kg,상의 55,오우 기대보다 훨씬 더 예뻐요 적당한 크롭기장에 기모도 있고 자주 손이 가네요 !!
maG913hY,,24.11.26,오트밀,FREE,정사이즈예요,아주 만족해요,화면과 비슷해요,167cm,48kg,상의 55,"색감이 너무 예쁘고 핏이 너무 예뻐요
진짜 이미지에 나온 색 그대로입니다"
gDvNdFNB,,24.10.03,오트밀,FREE,생각보다 커요,아주 만족해요,화면과 비슷해요,154cm,41kg,상의 44,생각보다 완존 넉넉하구 안에다가 5개도 껴입을수 있겠어여!!!🥰 뉴욕갈때 장거리 비행이라 안에 많이 껴입을 수 있는 옷을 찾고있었는데 딱이에여!!!
yimd***,,24.01.24,백메란지,FREE,생각보다 커요,아주 만족해요,화면과 비슷해요,163cm,55kg,상의 55,"재질 색감 다 마음에 드는데 어깨 핏이 좀 애매해요
팔 안내리면 무슨 럭비선수같음"
6Nf50UHH,,24.01.09,네이비,FREE,생각보다 커요,아주 만족해요,화면과 비슷해요,164cm,59kg,상의 66,이게 생각보다 허리를 잡아주는 느낌은 아니지만 그래도 편하게 꾸안꾸 느낌으로 잘 입을 것 같아요. 하의랑 같이 사서 입으면 더 이뻐요!
3HsnS0TA,,23.12.21,백메란지,FREE,정사이즈예요,아주 만족해요,화면과 비슷해요,164cm,54kg,상의 55,"오래기다렸는데 기다린보람이있어요!!
소재다 탄탄하고 안에 약간 기모도 들어있어서 부드럽습니다"
nvpWimzS,,24.12.23,백메란지,FREE,정사이즈예요,보통이에요,화면과 비슷해요,166cm,60kg,상의 66,로고가검정인줄알고샀는데 네이비라 손이 잘 안가네요 기모가있긴하지만 두꺼운편은아닙니가
L9n1uR2X,상위 25%,24.12.12,그레이,FREE,정사이즈예요,아주 만족해요,화면과 비슷해요,165cm,51kg,상의 55,"생각보다 아방하고 따뜻해요 ㅎㅎ 
깔끔한 회색이라서 잘 입을 수 있을거같아용 ㅎㅎ"
z2O1Otkg,상위 30%,24.12.12,백메란지,FREE,생각보다 커요,아주 만족해요,화면과 비슷해요,157cm,51kg,상의 55,"기모도있어서 따뜻할거갘아요
맘에 들어요!!!
치마도 같이 주문했는데 얼른 오몀 같이 입어보고싶어용~!~!~!!~"
tEmNNqZZ,,24.12.11,백메란지,FREE,생각보다 커요,보통이에요,화면과 비슷해요,167cm,52kg,상의 55,"편하게 입을 수 있는 옷을 찾고 있었는데
요고.딱인거 같아요
네이비랑 고민하다 이 색으로 하기로했는데
잘산거같아요 잘입을게욤"
gcdsNcuH,,24.11.14,그레이,FREE,정사이즈예요,아주 만족해요,화면과 비슷해요,170cm,57kg,상의 66,딱 예쁘게 잘맞아요 핏도예쁘고 길이도 딱좋아서 좋아요
ghr8Tvqw,상위 25%,24.11.05,네이비,FREE,정사이즈예요,아주 만족해요,화면과 비슷해요,,,,배송은 생각보다 빨랏구요 입을때 좀 빡빡한느낌이 들어요 입고나서도 아랫부분은 잡아주는 느낌이라 펑퍼짐해 보이지 않아여
UIqUrGo6,,24.03.10,네이비,FREE,정사이즈예요,보통이에요,화면과 비슷해요,164cm,50kg,상의 55,찐한 네이비 색상이라 마음에들고 기모있어서 따뜻해요 안감도 부드러워요
OKY06G4Q,,24.01.17,그레이,FREE,정사이즈예요,아주 만족해요,화면과 비슷해요,165cm,60kg,상의 66,"퀄리티는 좋아요 길이가 좀더 길었음 해요ㅠㅠ..
그건 제 허리가 긴문제지만여...ㅠㅠ"
H9yOjfMX,상위 30%,23.12.31,그레이,FREE,정사이즈예요,아주 만족해요,화면과 비슷해요,158cm,48kg,상의 55,이쁘구 좋아용 편하게 입기딱!!! 좋습니당 엉딩이 덮는 기장은 아니에영 청바지나 편하게 입기딱좋네영 좋아요오옹옹
n01lWkHj,,23.12.17,그레이,FREE,정사이즈예요,보통이에요,화면과 비슷해요,157cm,52kg,상의 44,"따시게 힙쟁이 되는 법 퓨ㅠㅠ 그냥 입을때보다 안에 레이어드 티랑 같이 입는게 더 이쁘더라고요 
그리고 생각보다 밑부분이 짱짱합니다"
UqiLwqLF,,24.11.26,백메란지,FREE,생각보다 커요,아주 만족해요,화면과 비슷해요,164cm,50kg,상의 55,생각보다 크긴하지만 아방하게 입기 좋을 것 같아요! 겨울엔 좀 크게 입는게 맛이니 잘 입어보겠습니다 ㅎㅎ 다들 추천두려영
Smh3UvCN,,24.02.21,네이비,FREE,정사이즈예요,아주 만족해요,화면과 비슷해요,163cm,52kg,상의 55,"도톰 해서 추울때 입으면 딱일것 같아요 
캐쥬얼하구 퀄리티도 좋아요 
만족합니다"
Smh3UvCN,,24.02.21,그레이,FREE,정사이즈예요,아주 만족해요,화면과 비슷해요,163cm,52kg,상의 55,"도톰 해서 추울때 입으면 딱일것 같아요 
캐쥬얼하구 퀄리티도 좋아요 
만족합니다"
5JwGq0TN,,24.02.03,그레이,FREE,정사이즈예요,아주 만족해요,화면과 비슷해요,158cm,52kg,상의 55,이번에 쇼핑한 목록중에 잘 산 템중 하나에요! 넘 이뽀요 ㅎㅎ 요런 느낌 맨투맨 여러가지 중에 고민하다 요 걸로 픽! 후회없는 선택입니당
wupyUOf7,,24.01.29,백메란지,FREE,정사이즈예요,아주 만족해요,화면과 비슷해요,155cm,46kg,상의 44,너무 예뻐요~ 데일리로 여기저기 입고다닐 수 있을 것 같아요😍😍 자주 입고 다니려구요~~! 다들 안사고 뭐해요오 이렇게 데일리한 옷은 없습니당
aPi8NFj2,,24.01.16,그레이,FREE,생각보다 커요,보통이에요,화면과 비슷해요,,,,디자인이랑 나쁘지 않아요 배송빨라서 좋아요!
BBumxEY4,,25.01.07,그레이,FREE,정사이즈예요,보통이에요,화면과 비슷해요,,,,"생각한 디자인이라 맘에 들어요
재질도 부드럽습니다"
QQXFhfaZ,,24.12.26,네이비,FREE,생각보다 커요,아주 만족해요,화면과 비슷해요,175cm,67kg,상의 55,안쪽에 기모에 따뜻하구 핏도 이뻣어요!!배송도 빠르고
고앵쓰,,24.11.02,네이비,FREE,정사이즈예요,아주 만족해요,화면과 비슷해요,159cm,50kg,상의 66,안감이 부들부들 기분 좋아용.. ㅎㅎ굳굳 다들 소장하세용
BOEbKc35,,24.10.11,오트밀,FREE,정사이즈예요,아주 만족해요,화면과 비슷해요,,,,귀엽구 따뜻해요 기모도 엄청 두툼하고 보들보들해요
겨울미,,24.09.27,백메란지,FREE,정사이즈예요,아주 만족해요,화면과 비슷해요,170cm,49kg,상의 44,사진이랑 실물 똑같고 생각보다 더 이쁘고 맑은 멜란지입니다. 바지 슬렉스 치마 등등 아래에 뭘 걸쳐도 다 예쁠 핏이에요 !
6mhJJ3B7,,24.02.23,네이비,FREE,정사이즈예요,보통이에요,화면과 비슷해요,158cm,45kg,상의 44,핏도 너무 이쁘고 재질도 좋아요! 부드럽고 예쁘네요
9cyxYbSf,,24.02.06,네이비,FREE,정사이즈예요,아주 만족해요,화면과 비슷해요,158cm,46kg,상의 55,"두툼해서 따뜻하고 색상도 예뻐요.
편하게 잘 입어질거같아요."
f0PK9oJO,,24.01.29,백메란지,FREE,정사이즈예요,아주 만족해요,화면과 비슷해요,163cm,49kg,상의 55,"따뜻하고 핏이 너무 이뻐요 
너무너무 만족합니다!!
다른 옷도 같이삿는데 진짜 잘삼"
NsFMoPu4,,24.01.25,오트밀,FREE,정사이즈예요,아주 만족해요,화면과 비슷해요,,,,"따뜻한 기모안감에 핏도 너뮤 이뻐용
색감도 이뿌"
rYoqE5yc,상위 20%,24.01.09,네이비,FREE,정사이즈예요,아주 만족해요,화면과 비슷해요,155cm,48kg,상의 55,고민 하다가 구매했는데 왜 진작 구매하지 않았을까 생각 하면서 후회중 이에요..기모도 있어서 따뜻하고 가볍고 좋아요
j1S7vFkB,,24.01.08,백메란지,FREE,생각보다 커요,아주 만족해요,화면과 비슷해요,165cm,56kg,상의 55,너무너무이쁘고 좋은데요..ㅎ 자꾸 보는사람들이 럭비성수티같다고 해요ㅠㅠㅠ 어깨부분이 많이 벙벙합니다.. 그래도 이뻐여 잘산거같아용ㅎ_ㅎ
W82sWnpC,,24.01.04,네이비,FREE,정사이즈예요,아주 만족해요,화면과 비슷해요,,,,이뻐요 싸게 잘 산 맨투맨 같아요 겨울에도 머플러랑 입으면 되고 가을 봄까지 다 커버할 수 있는 맨투맨이라서 유용하게 잘 입을 것 같아요
choi******,상위 10%,23.12.16,Oatmeal,FREE,정사이즈예요,보통이에요,화면과 비슷해요,171cm,59kg,상의 55,"블프때 시서 베송 진짜 오래걸렸지만 그래도 오긴 왔으니 만적 합니다.
바지에 같이 밎춰서 입으려고 색도 비슷한걸로 삿는데 질 산거 같아요"
CKKVTQWY,,24.03.21,백메란지,FREE,정사이즈예요,아주 만족해요,화면과 비슷해요,,,,퀄리티 좋아요~ 요즘 날 풀려서 맨투맨만 입어도 괜찮아여 이뻐서 다른 컬러도 샀어용
CKKVTQWY,,24.03.21,오트밀,FREE,정사이즈예요,아주 만족해요,화면과 비슷해요,,,,퀄리티 좋아요~ 요즘 날 풀려서 맨투맨만 입어도 괜찮아여 이뻐서 다른 컬러도 샀어용
c3uONeZX,,24.03.11,네이비,FREE,정사이즈예요,보통이에요,화면과 비슷해요,,,,"생각보다 별로 예쁘진 않아요., 브이넥으로 되어 있어서 좀 애매하긴 한데 그냥저냥 입어야 될거 같아요 그냥 그래요.,,"
8pYZvZ4K,,24.02.26,오트밀,FREE,정사이즈예요,아주 만족해요,화면과 비슷해요,160cm,50kg,상의 55,파임이 있어서 답답하지 않고 생각보다 기모도 엄청 따뜻해요. 싼티 안나요.
hbj7y5nO,,24.01.30,그레이,FREE,정사이즈예요,보통이에요,화면과 비슷해요,168cm,57kg,상의 55,제가 몸집이 있어서 모델핏은 안나오지만 따뜻하고 예쁘게 입을수있어서 좋아요
hTrlqt9R,,24.01.02,네이비,FREE,정사이즈예요,보통이에요,화면과 비슷해요,160cm,50kg,상의 55,재질은 좋은데 살짝 어깡핏이라 옷매무새를 잘 정리해서 입어야해요
CKKquVph,,23.12.16,오트밀,FREE,생각보다 커요,아주 만족해요,화면과 비슷해요,,,,기모 넘 따뜻하구 생각보다 품이 크네요..! 길이는 골반 위 정도 오는 길이구 귀여워서 잘 입구 댕깁니다!! 딱 꾸안꾸룩💓
Fty8xTz3,,24.12.20,백메란지,FREE,정사이즈예요,아주 만족해요,화면과 비슷해요,152cm,44kg,상의 44,"기모잇고 디자인도 사진하고 같고
맘에들어요 예쁩니당!!"
4GFDihuS,,24.12.04,백메란지,FREE,정사이즈예요,아주 만족해요,화면과 비슷해요,162cm,54kg,상의 55,두툼하고 좋아여. 너무 길지 않아서 더 좋은거 같아요.
5BodpyUs,,24.11.08,네이비,FREE,정사이즈예요,아주 만족해요,화면과 비슷해요,158cm,50kg,상의 55,두툼해서 많이 따뜻하고 좋아요 이쁘네요 잘입을께요
C8VQi92d,상위 15%,24.02.23,백메란지,FREE,정사이즈예요,보통이에요,화면과 비슷해요,158cm,47kg,상의 55,핏도 좋고 색감도 화면이랑 똑같아요 맘에 듭니다 !!
Mx7bbvic,,24.02.08,백메란지,FREE,정사이즈예요,아주 만족해요,화면과 비슷해요,168cm,55kg,상의 55,"브이넥 맨투맨 처음인데 완전 만족해요!!^^
모델착장 그대로 완전만족!
남편도 잘샀다고 이야기 해줬어요!!^^"
vDpq0kAW,,24.02.05,그레이,FREE,정사이즈예요,아주 만족해요,화면과 비슷해요,160cm,66kg,상의 77,어깡이라 이런 소매디테일은 치명적인데도 예쁘고 귀여워요 따뜻하고~
vjdHVOo4,,24.01.26,오트밀,FREE,정사이즈예요,아주 만족해요,화면과 비슷해요,165cm,52kg,상의 55,아방하고 귀엽습니다~~~!오트밀 배색 너무 귀엽고 흔하지 않아서 조아용
Sc47FLtV,,24.01.15,백메란지,FREE,생각보다 커요,아주 만족해요,화면과 비슷해요,155cm,46kg,상의 44,기모 짱짱하고 품질 좋은 편입니다 가성비 좋아요
0WGroedm,,23.12.18,네이비,FREE,정사이즈예요,보통이에요,화면과 비슷해요,163cm,50kg,상의 55,오보핏 좋아하시면 꼭 사세요 다른 옷이랑 코디해서 입기도 편하고 레이어드 해서 입어도 이뿌네여
니노,,25.01.11,백메란지,FREE,정사이즈예요,보통이에요,화면과 비슷해요,158cm,57kg,상의 55,매우매우 기모가 두껍고 좋은데 하얗게 묻어나는게 많네요 ㅠㅜ
WwkiJtJK,,24.03.30,그레이,FREE,정사이즈예요,아주 만족해요,화면과 비슷해요,168cm,50kg,상의 55,옷재질도 좋고 싼옷같은 느낌없오요 옷사이즈도 생각햇던 사이즈고 너무 귀여워요 ㅠ
fpajaCGQ,,24.02.28,네이비,FREE,생각보다 커요,아주 만족해요,화면과 비슷해요,174cm,61kg,상의 66,예쁜 오버핏이어서 너무 잘 입고있습니다! 따뜻해서 지금 입기 딱 좋아요!
eX2Lp7Fy,,24.02.24,그레이,FREE,생각보다 커요,보통이에요,화면과 비슷해요,,,,"청바지랑 잘 어울리고 제가 좋아하는 오버핏인데,, 팔을 걷으면 어깨가 너무 붕 떠서 덩치가 좀 커보이는 것 같아요 ㅠ"
EwsJcxCY,,24.11.21,네이비,FREE,정사이즈예요,보통이에요,화면과 비슷해요,168cm,73kg,상의 77,"생각보다 신축성이 없어서 당황했는데
입어보니 소재도 좋고 활동하기도 좋아요👍"
xuZajQp2,,24.02.25,오트밀,FREE,생각보다 커요,보통이에요,화면과 비슷해요,153cm,50kg,상의 55,생각보다 어깨부분이 크고 팔 손목 부분은 쨍쨍해요! 캐주얼하게 트레이닝바지에 입으면 이쁠 것 같아오 ㅎ
1N2nQLrO,,24.01.31,네이비,FREE,작아요,보통이에요,화면보다 밝아요,170cm,50kg,상의 77,배송도 빠르고 옷도 귀여워요 ㅋ 박시하지는 않음!
kRym4u5U,,25.01.07,백메란지,FREE,정사이즈예요,별로예요,화면과 비슷해요,165cm,70kg,상의 66,"밑단 시보리는 되게 안늘어나는 딴딴한 느낌이고 옷이 전체적으로 뭐랄까 ...
어깨부분도 이상해요"
통통복실알파카,상위 10%,25.01.05,백메란지,FREE,작아요,별로예요,화면과 비슷해요,172cm,63kg,,어깨핏이 너무 떡대핏이에요 ㅠ 키나 체격 좀 있는 분들 비추용
4h7tuIRk,,24.12.23,오트밀,FREE,정사이즈예요,아주 만족해요,화면과 비슷해요,160cm,50kg,상의 55,"너무 이뻐요 ㅎㅎ 속에 기모가 좀 빠지는편이긴 한데 
옷이이뻐서 신경안쓰여요 따듯해요"
5Is4iVUS,,24.12.18,백메란지,FREE,정사이즈예요,아주 만족해요,화면과 비슷해요,163cm,56kg,상의 55,"저에겐 살짝 크롭보다는 긴 기장이에요! 따뜻하고
손이 자주가는 맨투맨이에요"
1PWKBQPC,상위 20%,24.03.19,네이비,FREE,정사이즈예요,아주 만족해요,화면과 비슷해요,158cm,48kg,상의 55,"코디대로도 입었었고 이 맨투맨은 진짜 
휘뚤마뚤템입니당 !! 요즘 제 교복이에요ㅠㅠㅋㅋㅋ"
돼지이하마,,24.01.11,백메란지,FREE,정사이즈예요,별로예요,화면과 비슷해요,168cm,57kg,상의 55,한번 세탁기에 넣고 나니까 뭔가 쭈굴쭈굴해진 느낌ㅠㅠ 힝 이쁜데 아쉽네요
OUQDSMLD,,23.12.14,네이비,FREE,정사이즈예요,보통이에요,화면과 비슷해요,172cm,57kg,상의 55,"길이가 약간 애매하긴한데 입을만해용
배송은 너무너무 오래걸렸고 포장은 그럭저러구괜찮았어요 배송 계속 미뤄져서 짜증나 죽는줄,,"
IakPQv2H,,24.12.26,오트밀,FREE,정사이즈예요,아주 만족해요,화면과 비슷해요,170cm,56kg,상의 55,팔길이도 길어서 키큰녀인 저에게 너무 낙낙하니 괜찮아요!
VZHCUBiJ,,24.12.05,네이비,FREE,정사이즈예요,아주 만족해요,화면과 비슷해요,166cm,64kg,상의 66,"이뻐여이뻐여 진짜 잘 입고 다녀용 !!
그레이로 하나 더 질러야겟어요"
hcXnwE97,,24.11.21,그레이,FREE,생각보다 커요,아주 만족해요,화면과 비슷해요,163cm,60kg,상의 55,"진짜 완전 오버핏의 정석!
질도 너무 좋고 걍 이쁨요"
WYfPLpYw,,24.11.11,그레이,FREE,정사이즈예요,보통이에요,화면과 비슷해요,,,,기모 톡톡하니 괜찮아요! 다만 저에겐 어깨가 넓어보여서 조금 아쉬워요ㅜ
Wgwgw38c,,24.03.22,그레이,FREE,정사이즈예요,아주 만족해요,화면과 비슷해요,160cm,44kg,상의 44,따뜻하고 핏도 아방하니 이쁩니다!! 추천해요
hoZ86Ue1,,24.03.09,백메란지,FREE,정사이즈예요,화면과 비슷해요,,,,,옷이 넘 귀여워요 배송도 엄청빠르고 넘 맘에들아여
UpDs1mVf,,24.02.25,오트밀,FREE,정사이즈예요,보통이에요,화면과 비슷해요,156cm,44kg,상의 44,따뜻해서 좋아요 저는 너무 추천 다른 색도 사료구용
-3-,,24.02.16,백메란지,FREE,생각보다 커요,보통이에요,화면과 비슷해요,,,,"배송도 빠르고 잘 받았습니다
휘뚤마뚤 꾸안꾸 룩으로 편하게 입기 좋아요"
ttJ9immC,,24.02.02,백메란지,FREE,정사이즈예요,아주 만족해요,화면과 비슷해요,166cm,50kg,상의 44,"생각보다 따뜻해서 놀랐어요! 자주 입고 다니고
핏도 이쁘고 귀여워용"
UgtRAASV,,24.02.06,백메란지,FREE,생각보다 커요,보통이에요,화면과 비슷해요,160cm,52kg,상의 55,배송빨라요 좋아요 네이비도 사고싶네요 굳입니다
mECf4dBV,,24.01.18,오트밀,FREE,정사이즈예요,아주 만족해요,화면과 비슷해요,164cm,58kg,상의 66,여기서 바지만 사다가 맨투맨 이뻐서 사봤는뎅 역시 퀄 좋아용ㅎㅎ 교복처럼 입고있어용ㅋㅋㅋㅋ 또 이런 이쁜거 만들어주세욥😆😆
nYgq4qbL,,24.10.16,네이비,FREE,정사이즈예요,보통이에요,화면과 비슷해요,160cm,50kg,상의 66,아 너무 이뻐영..조금 추워질때 입으면 딱이에영
만민공동회,,24.10.13,오트밀,FREE,정사이즈예요,아주 만족해요,화면과 비슷해요,,,,"예뻐요!! 입은거 보여줬을 때 가족 모두가 예쁘다고 할 정도였어요 처음 받는 올패스상의,,"
zxKm7YfC,,24.01.05,백메란지,FREE,정사이즈예요,아주 만족해요,화면과 비슷해요,158cm,50kg,상의 55,이뻐요 따뜻하고 편하고 브이넥 잘안입는데 이건 잘입을거같아여
PatdPT4s,,23.12.23,백메란지,FREE,정사이즈예요,아주 만족해요,화면과 비슷해요,158cm,55kg,상의 55,따스하니 두께감잇어서 좋구요 디자인도 이뻐요
159y,,23.12.20,그레이,FREE,생각보다 커요,아주 만족해요,화면과 비슷해요,161cm,46kg,상의 55,기모맨투맨 회색 필요해서 샀는데 꾸안꾸 느낌이라 예뻐요 !!!
무너지,,24.02.14,백메란지,FREE,생각보다 커요,보통이에요,화면과 비슷해요,160cm,60kg,상의 66,팔부분이 생각보다 되게 커요. 덩치 있으면 더 부각 될 것 같긴 해요 ..
O6dVwClp,,23.12.19,네이비,FREE,작아요,아주 만족해요,화면과 비슷해요,158cm,46kg,상의 55,생각보다 조금 타이트한 핏이구 길이가 짧아요 !
CmfQiB8w,,24.03.14,백메란지,FREE,정사이즈예요,아주 만족해요,화면과 비슷해요,167cm,69kg,상의 88,"너무 기여워요
사이즈는 제가 원하는 사이즈에요~
하이웨스트 바지랑 입으면 너뮤 이뻐요~"
9kWBBfS3,,24.02.19,오트밀,FREE,정사이즈예요,보통이에요,화면과 비슷해요,168cm,53kg,상의 55,"생각보다 짱짱하구 마니 오버핏은아니엥용
길이느누좀 짧은편!"
rL4e4ocm,,24.02.12,백메란지,FREE,생각보다 커요,보통이에요,화면과 비슷해요,,,,팔이 조금 길고 따뜻하고 이쁩니다 백메란지 추천합니다 !
fsia**,,24.11.21,오트밀,FREE,생각보다 커요,보통이에요,화면과 비슷해요,168cm,55kg,상의 55,솔직히 생각했던 핏은 아니에요 길이도 애매하고 품도 애매하고 ㅜ 그냥저냥 입을만한거같아요
yJJZlaJD,,24.03.07,백메란지,FREE,정사이즈예요,아주 만족해요,화면과 비슷해요,162cm,47kg,상의 55,귀여워요 ㅎㅎ편하구 겟해가세요옹 헤헤헤헤🐰🐰
dkOm9hNZ,,25.01.15,오트밀,FREE,생각보다 커요,아주 만족해요,화면과 비슷해요,153cm,54kg,,따뜻해요 저한테는 약간 큰 느낌이었지만 나름 유니크합니다 ㅎㅎ
IBlvSDpA,,24.12.30,그레이,FREE,정사이즈예요,아주 만족해요,화면과 비슷해요,165cm,50kg,상의 55,재질완죤 좋아요 저 또 구매할거에용~~^^♡
g5c7U9Az,,24.12.19,백메란지,FREE,정사이즈예요,아주 만족해요,화면과 비슷해요,157cm,49kg,상의 55,"진짜 퀄리티 미쳤어요
너무 맘에 들어서 깔별로 살까합니다"
jinh******,,24.12.13,백메란지,FREE,정사이즈예요,보통이에요,화면과 비슷해요,166cm,55kg,상의 66,"두툽하고 탄탄해서 이쁘네요
지금 입기 딱 좋아요"
TfhGyU6m,,24.12.13,오트밀,FREE,생각보다 커요,보통이에요,화면과 비슷해요,162cm,58kg,상의 55,"옷은 좋은데 너무 어깡같아보여요,,힝 아쉬워요"
qnsg******,,24.12.07,오트밀,FREE,정사이즈예요,보통이에요,화면과 비슷해요,,,,밑에 브라운바지랑 맞춰입엇는데 완전 찰떡!!
cesb****,,24.12.05,그레이,FREE,정사이즈예요,아주 만족해요,화면과 비슷해요,160cm,55kg,상의 66,너무 부드러워서 진짜ㅏ이 쇼핑몰에서만 사야겠다고 생각했어욬ㅋ
HzcHLda4,,24.11.29,오트밀,FREE,정사이즈예요,아주 만족해요,화면과 비슷해요,160cm,50kg,상의 55,기모여서 따뜩하고 퍈해서 맨날맨날 입게되네용
TomxBUoa,,24.11.25,그레이,FREE,정사이즈예요,보통이에요,화면과 비슷해요,,,,이쁘고 기모있어서 이번 겨울에 잘 입을거 같아요!!
0Lc6K8DE,,24.11.24,오트밀,FREE,작아요,보통이에요,화면과 비슷해요,164cm,63kg,상의 66,"생각보다 좀작았어요ㅜㅜㅜ
그래도 편하게잘입고다닐게용"
ML6VYJ86,,24.11.21,오트밀,FREE,정사이즈예요,보통이에요,화면과 비슷해요,165cm,49kg,상의 55,왜 후기가 좋은지 받자마자 알겠어요 ㅎ 너무 이뻐요
pa7JTfvd,,24.11.12,오트밀,FREE,정사이즈예요,아주 만족해요,화면과 비슷해요,200cm 이상,92kg,상의 66,"자주 이용하는 브랜드에요!
굳굳 맘에들어요!"
5VJZAcrL,,24.11.10,그레이,FREE,정사이즈예요,아주 만족해요,화면과 비슷해요,168cm,50kg,상의 55,너무 이뻐서 다른색깔 하나더사려구요ㅎㅎ많이 파세요
xfwJZ224,,24.01.31,네이비,FREE,생각보다 커요,보통이에요,화면과 비슷해요,152cm,44kg,상의 44,"적당히 아방하고 길이감도 좋고! 일단 너무 편해서 좋습니다 ,,! ~"
아효님,상위 15%,23.12.05,그레이,FREE,정사이즈예요,아주 만족해요,화면과 비슷해요,,,,"보자마자 너무좋게
생각해서
나오자마자 구매했어요 ㅎㅎ 다만 배송이좀느린거빼곤 좋았습니다"
Ieok9glh,,24.01.11,네이비,FREE,생각보다 커요,보통이에요,화면과 비슷해요,160cm,47kg,상의 55,고민하다 샀는데 이번에 산것 중에 제일 마음에 들어요
oWRb841T,,24.10.24,그레이,FREE,정사이즈예요,아주 만족해요,화면과 비슷해요,156cm,42kg,상의 44,"예전부터 갖고싶엇는데 품절이여서 못삿어요
역시나 엄청 이쁘네여"
Bm2Ke88b,,24.01.24,그레이,FREE,정사이즈예요,보통이에요,화면과 비슷해요,164cm,58kg,상의 55,"글쎄요...
이걸입으면뽀빠이가됩니다
어깨만너무올라오고
핏이별로ㅠㅠㅠ"
아효님,상위 15%,23.12.06,블랙,FREE,정사이즈예요,아주 만족해요,화면과 비슷해요,,,,"생각했던것보다 너무 만족스럽습니다.
다음에또 다른색상으로 구매할의향이
있어요"
6g3if4mz,,24.03.24,그레이,FREE,생각보다 커요,보통이에요,화면보다 어두워요,165cm,50kg,상의 55,팔 길이가 생각보다 길어서 좀 박시해 보여요. 작으신분들은 엄청 크실듯
xLU6uTNg,,24.03.18,오트밀,FREE,정사이즈예요,보통이에요,화면과 비슷해요,162cm,49kg,상의 55,기모 있어서 따듯했구 색깔 너무 이뻤어용 하나 더 사고싶어요
MxTEPKU0,,24.03.17,네이비,FREE,정사이즈예요,보통이에요,화면과 비슷해요,,,,비슷하게 귀여워요~생각보다 두꺼운데 이뻐요
OMiVrSd1,,24.03.08,네이비,FREE,정사이즈예요,아주 만족해요,화면과 비슷해요,170cm,50kg,상의 55,귀여워요 핏도 예쁘고 쫀쩐해여!!;!:-‘ㄴ
mcos**,,24.03.05,백메란지,FREE,생각보다 커요,아주 만족해요,화면과 비슷해요,158cm,56kg,상의 55,옷 넘 예뽀요 따뜻하고 데일리로 잘 입을거같아용
cHXVFOXc,,24.02.26,네이비,FREE,정사이즈예요,보통이에요,화면과 비슷해요,155cm,44kg,상의 44,예뻐요 ~~~ 길이가 딱이에욤 적당한 길이 !!!
lB2YO2m6,,24.02.25,백메란지,FREE,정사이즈예요,아주 만족해요,화면과 비슷해요,,,,원단도 좋고 스커트랑 같이 입으니깐 넘 이쁘네요~~만족합니다~~
CTqE6PAx,,24.02.21,그레이,FREE,생각보다 커요,보통이에요,화면과 비슷해요,163cm,42kg,상의 44,배송은 빨리 왔어요 사진이랑 똑같구여 편해영오
cqWdghyz,,24.02.18,오트밀,FREE,정사이즈예요,아주 만족해요,화면과 비슷해요,160cm,50kg,상의 44,생각보다 퀄리티 좋고 예뻐서 엄청 만족했어요!
vveqMHHv,,24.02.17,그레이,FREE,정사이즈예요,아주 만족해요,화면과 비슷해요,165cm,52kg,상의 55,"잘 받았습니다. 이뻐요
잘입겠습니다. 감사합니다"
5PgwVbqV,,24.02.09,백메란지,FREE,정사이즈예요,아주 만족해요,화면과 비슷해요,,,,"핏도 좋고 이뻐요
치마랑 같이 입으려고 샀는데 딱이네용"
s2-2**,,24.02.06,네이비,FREE,작아요,보통이에요,화면과 비슷해요,160cm,50kg,상의 55,"예뻐요! 딱 사진과 같아요
근데 오버핏은 아니에요"
snow*****,,24.01.26,네이비,FREE,정사이즈예요,보통이에요,화면과 비슷해요,159cm,45kg,상의 55,고민하다 남색으러 바꿨는데 넘 예뻐요 ㅎㅎ 어디에나 잘 어울려요
cfZgjFKJ,,24.01.22,백메란지,FREE,생각보다 커요,보통이에요,화면과 비슷해요,159cm,51kg,상의 44,"귀엽고 따수워요
색은 얼굴 하얘보이믄 회색이에용"
fKHFkxqd,,24.01.20,네이비,FREE,정사이즈예요,아주 만족해요,화면과 비슷해요,163cm,53kg,상의 55,만족 사이즈도 좋고 따뜻하고 디쟌도 넘 이쁘네여
x9BJveNe,,24.12.05,백메란지,FREE,정사이즈예요,보통이에요,화면과 비슷해요,166cm,57kg,상의 55,그냥 막 입기 좋아요 기모기 들어잇어서 따뜻해용
,,,,,,,,,,,
,,,,,,,,,,,
,,,,,,,,,,,
,,,,,,,,,,,
,,,,,,,,,,,
,,,,,,,,,,,
,,,,,,,,,,,
,,,,,,,,,,,
,,,,,,,,,,,
,,,,,,,,,,,
,,,,,,,,,,,
,,,,,,,,,,,
,,,,,,,,,,,
,,,,,,,,,,,
,,,,,,,,,,,
,,,,,,,,,,,
,,,,,,,,,,,
,,,,,,,,,,,
,,,,,,,,,,,
,,,,,,,,,,,
,,,,,,,,,,,
,,,,,,,,,,,
,,,,,,,,,,,
,,,,,,,,,,,
,,,,,,,,,,,
,,,,,,,,,,,
,,,,,,,,,,,
,,,,,,,,,,,
,,,,,,,,,,,
,,,,,,,,,,,
,,,,,,,,,,,
,,,,,,,,,,,
,,,,,,,,,,,
,,,,,,,,,,,
,,,,,,,,,,,
,,,,,,,,,,,
,,,,,,,,,,,
,,,,,,,,,,,
,,,,,,,,,,,
,,,,,,,,,,,
,,,,,,,,,,,
,,,,,,,,,,,
,,,,,,,,,,,
,,,,,,,,,,,
,,,,,,,,,,,
,,,,,,,,,,,
,,,,,,,,,,,
,,,,,,,,,,,
,,,,,,,,,,,
,,,,,,,,,,,
,,,,,,,,,,,
,,,,,,,,,,,
,,,,,,,,,,,
,,,,,,,,,,,
,,,,,,,,,,,
,,,,,,,,,,,
,,,,,,,,,,,
,,,,,,,,,,,
,,,,,,,,,,,
,,,,,,,,,,,
,,,,,,,,,,,
,,,,,,,,,,,
,,,,,,,,,,,
,,,,,,,,,,,
,,,,,,,,,,,
,,,,,,,,,,,
,,,,,,,,,,,
,,,,,,,,,,,
,,,,,,,,,,,
,,,,,,,,,,,
,,,,,,,,,,,
,,,,,,,,,,,
,,,,,,,,,,,
,,,,,,,,,,,
,,,,,,,,,,,
,,,,,,,,,,,
,,,,,,,,,,,
,,,,,,,,,,,
,,,,,,,,,,,
,,,,,,,,,,,
,,,,,,,,,,,
,,,,,,,,,,,
,,,,,,,,,,,
,,,,,,,,,,,
,,,,,,,,,,,
,,,,,,,,,,,
,,,,,,,,,,,
,,,,,,,,,,,
,,,,,,,,,,,
,,,,,,,,,,,
,,,,,,,,,,,
,,,,,,,,,,,
,,,,,,,,,,,
,,,,,,,,,,,
,,,,,,,,,,,
,,,,,,,,,,,
,,,,,,,,,,,
,,,,,,,,,,,
,,,,,,,,,,,
,,,,,,,,,,,
,,,,,,,,,,,
,,,,,,,,,,,
,,,,,,,,,,,
,,,,,,,,,,,
,,,,,,,,,,,
,,,,,,,,,,,
,,,,,,,,,,,
,,,,,,,,,,,
,,,,,,,,,,,
,,,,,,,,,,,
,,,,,,,,,,,
,,,,,,,,,,,
,,,,,,,,,,,
,,,,,,,,,,,
,,,,,,,,,,,
,,,,,,,,,,,
,,,,,,,,,,,
,,,,,,,,,,,
,,,,,,,,,,,
,,,,,,,,,,,
,,,,,,,,,,,
,,,,,,,,,,,
,,,,,,,,,,,
,,,,,,,,,,,
,,,,,,,,,,,
,,,,,,,,,,,
,,,,,,,,,,,
,,,,,,,,,,,
,,,,,,,,,,,
,,,,,,,,,,,
,,,,,,,,,,,
,,,,,,,,,,,
,,,,,,,,,,,
,,,,,,,,,,,
,,,,,,,,,,,
,,,,,,,,,,,
,,,,,,,,,,,
,,,,,,,,,,,
,,,,,,,,,,,
,,,,,,,,,,,
,,,,,,,,,,,
,,,,,,,,,,,
,,,,,,,,,,,
,,,,,,,,,,,
,,,,,,,,,,,
,,,,,,,,,,,
,,,,,,,,,,,
,,,,,,,,,,,
,,,,,,,,,,,
,,,,,,,,,,,
,,,,,,,,,,,
,,,,,,,,,,,
,,,,,,,,,,,
,,,,,,,,,,,
,,,,,,,,,,,
,,,,,,,,,,,
,,,,,,,,,,,
,,,,,,,,,,,
,,,,,,,,,,,
,,,,,,,,,,,
,,,,,,,,,,,
,,,,,,,,,,,
,,,,,,,,,,,
,,,,,,,,,,,
,,,,,,,,,,,
,,,,,,,,,,,
,,,,,,,,,,,
,,,,,,,,,,,
,,,,,,,,,,,
,,,,,,,,,,,
,,,,,,,,,,,
,,,,,,,,,,,
,,,,,,,,,,,
,,,,,,,,,,,
,,,,,,,,,,,
,,,,,,,,,,,
,,,,,,,,,,,
,,,,,,,,,,,
,,,,,,,,,,,
,,,,,,,,,,,
,,,,,,,,,,,
,,,,,,,,,,,
,,,,,,,,,,,
,,,,,,,,,,,
,,,,,,,,,,,
,,,,,,,,,,,
,,,,,,,,,,,
,,,,,,,,,,,
,,,,,,,,,,,
,,,,,,,,,,,
,,,,,,,,,,,
,,,,,,,,,,,
,,,,,,,,,,,
,,,,,,,,,,,
,,,,,,,,,,,
,,,,,,,,,,,
,,,,,,,,,,,
,,,,,,,,,,,
,,,,,,,,,,,
,,,,,,,,,,,
,,,,,,,,,,,
,,,,,,,,,,,
,,,,,,,,,,,
,,,,,,,,,,,
,,,,,,,,,,,
,,,,,,,,,,,
,,,,,,,,,,,
,,,,,,,,,,,
,,,,,,,,,,,
,,,,,,,,,,,
,,,,,,,,,,,
,,,,,,,,,,,
,,,,,,,,,,,
,,,,,,,,,,,
,,,,,,,,,,,
,,,,,,,,,,,
,,,,,,,,,,,
,,,,,,,,,,,
,,,,,,,,,,,
,,,,,,,,,,,
,,,,,,,,,,,
,,,,,,,,,,,
,,,,,,,,,,,
,,,,,,,,,,,
,,,,,,,,,,,
,,,,,,,,,,,
,,,,,,,,,,,
,,,,,,,,,,,
,,,,,,,,,,,
,,,,,,,,,,,
,,,,,,,,,,,
,,,,,,,,,,,
,,,,,,,,,,,
,,,,,,,,,,,
,,,,,,,,,,,
,,,,,,,,,,,
,,,,,,,,,,,
,,,,,,,,,,,
,,,,,,,,,,,
,,,,,,,,,,,
,,,,,,,,,,,
,,,,,,,,,,,
,,,,,,,,,,,
,,,,,,,,,,,
,,,,,,,,,,,
,,,,,,,,,,,
,,,,,,,,,,,
,,,,,,,,,,,
,,,,,,,,,,,
,,,,,,,,,,,
,,,,,,,,,,,
,,,,,,,,,,,
,,,,,,,,,,,
,,,,,,,,,,,
,,,,,,,,,,,
,,,,,,,,,,,
,,,,,,,,,,,
,,,,,,,,,,,
,,,,,,,,,,,
,,,,,,,,,,,
,,,,,,,,,,,
,,,,,,,,,,,
,,,,,,,,,,,
,,,,,,,,,,,
,,,,,,,,,,,
,,,,,,,,,,,
,,,,,,,,,,,
,,,,,,,,,,,
,,,,,,,,,,,
,,,,,,,,,,,
,,,,,,,,,,,
,,,,,,,,,,,
,,,,,,,,,,,
,,,,,,,,,,,
,,,,,,,,,,,
,,,,,,,,,,,
,,,,,,,,,,,
,,,,,,,,,,,
,,,,,,,,,,,
,,,,,,,,,,,
,,,,,,,,,,,
,,,,,,,,,,,
,,,,,,,,,,,
,,,,,,,,,,,
,,,,,,,,,,,
,,,,,,,,,,,
,,,,,,,,,,,
,,,,,,,,,,,
,,,,,,,,,,,
,,,,,,,,,,,
,,,,,,,,,,,
,,,,,,,,,,,
,,,,,,,,,,,
,,,,,,,,,,,
,,,,,,,,,,,
,,,,,,,,,,,
,,,,,,,,,,,
,,,,,,,,,,,
,,,,,,,,,,,
,,,,,,,,,,,
,,,,,,,,,,,
,,,,,,,,,,,
,,,,,,,,,,,
,,,,,,,,,,,
,,,,,,,,,,,
,,,,,,,,,,,
,,,,,,,,,,,
,,,,,,,,,,,
,,,,,,,,,,,
,,,,,,,,,,,
,,,,,,,,,,,
,,,,,,,,,,,
,,,,,,,,,,,
,,,,,,,,,,,
,,,,,,,,,,,
,,,,,,,,,,,
,,,,,,,,,,,
,,,,,,,,,,,
,,,,,,,,,,,
,,,,,,,,,,,
,,,,,,,,,,,
,,,,,,,,,,,
,,,,,,,,,,,
,,,,,,,,,,,
,,,,,,,,,,,
,,,,,,,,,,,
,,,,,,,,,,,
,,,,,,,,,,,
,,,,,,,,,,,
,,,,,,,,,,,
,,,,,,,,,,,
,,,,,,,,,,,
,,,,,,,,,,,
,,,,,,,,,,,
,,,,,,,,,,,
,,,,,,,,,,,
,,,,,,,,,,,
,,,,,,,,,,,
,,,,,,,,,,,
,,,,,,,,,,,
,,,,,,,,,,,
,,,,,,,,,,,
,,,,,,,,,,,
,,,,,,,,,,,
,,,,,,,,,,,
,,,,,,,,,,,
,,,,,,,,,,,
,,,,,,,,,,,
,,,,,,,,,,,
,,,,,,,,,,,
,,,,,,,,,,,
,,,,,,,,,,,
,,,,,,,,,,,
,,,,,,,,,,,
,,,,,,,,,,,
,,,,,,,,,,,
,,,,,,,,,,,
,,,,,,,,,,,
,,,,,,,,,,,
,,,,,,,,,,,
,,,,,,,,,,,
,,,,,,,,,,,
,,,,,,,,,,,
,,,,,,,,,,,
,,,,,,,,,,,
,,,,,,,,,,,
,,,,,,,,,,,
,,,,,,,,,,,
,,,,,,,,,,,
,,,,,,,,,,,
,,,,,,,,,,,
,,,,,,,,,,,
,,,,,,,,,,,
,,,,,,,,,,,
,,,,,,,,,,,
,,,,,,,,,,,
,,,,,,,,,,,
,,,,,,,,,,,
,,,,,,,,,,,
,,,,,,,,,,,
,,,,,,,,,,,
,,,,,,,,,,,
,,,,,,,,,,,
,,,,,,,,,,,
,,,,,,,,,,,
,,,,,,,,,,,
,,,,,,,,,,,
,,,,,,,,,,,
,,,,,,,,,,,
,,,,,,,,,,,
,,,,,,,,,,,
,,,,,,,,,,,
,,,,,,,,,,,
,,,,,,,,,,,
,,,,,,,,,,,
,,,,,,,,,,,
,,,,,,,,,,,
,,,,,,,,,,,
,,,,,,,,,,,
,,,,,,,,,,,
,,,,,,,,,,,
,,,,,,,,,,,
,,,,,,,,,,,
,,,,,,,,,,,
,,,,,,,,,,,
,,,,,,,,,,,
,,,,,,,,,,,
,,,,,,,,,,,
,,,,,,,,,,,
,,,,,,,,,,,
,,,,,,,,,,,
,,,,,,,,,,,
,,,,,,,,,,,
,,,,,,,,,,,
,,,,,,,,,,,
,,,,,,,,,,,
,,,,,,,,,,,
,,,,,,,,,,,
,,,,,,,,,,,
,,,,,,,,,,,
,,,,,,,,,,,
,,,,,,,,,,,
,,,,,,,,,,,
,,,,,,,,,,,
,,,,,,,,,,,
,,,,,,,,,,,
,,,,,,,,,,,
,,,,,,,,,,,
